[
  {
    "ID/Name": 870970,
    "Industry": "Media & Content",
    "Vertical": "Media",
    "Total (BRR)": 35242,
    "Product A Rank": 0,
    "Product A Total BRR": 0,
    "Product B Rank": 80,
    "Product B Total BRR": 0,
    "Product C Rank": 0,
    "Product C Total BRR": 8419,
    "Product D Rank": 57,
    "Product D Total BRR": 0,
    "Product E Rank": 86,
    "Product F - Metro Rank": 0
  },
  {
    "ID/Name": 824568,
    "Industry": "Media & Content",
    "Vertical": "Media",
    "Total (BRR)": 50675,
    "Product A Rank": 0,
    "Product A Total BRR": 0,
    "Product B Rank": 37,
    "Product B Total BRR": 0,
    "Product C Rank": 0,
    "Product C Total BRR": 10045,
    "Product D Rank": 0,
    "Product D Total BRR": 9700,
    "Product E Rank": 0,
    "Product F - Metro Rank": 0
  },
  {
    "ID/Name": 313510,
    "Industry": "Media & Content",
    "Vertical": "Internet Content & Software",
    "Total (BRR)": 14777,
    "Product A Rank": 0,
    "Product A Total BRR": 0,
    "Product B Rank": 84,
    "Product B Total BRR": 0,
    "Product C Rank": 0,
    "Product C Total BRR": 0,
    "Product D Rank": 0,
    "Product D Total BRR": 14777,
    "Product E Rank": 0,
    "Product F - Metro Rank": 0
  },
  {
    "ID/Name": 890026,
    "Industry": "Healthcare",
    "Vertical": "Health Insurance",
    "Total (BRR)": 34027,
    "Product A Rank": 0,
    "Product A Total BRR": 0,
    "Product B Rank": 1047,
    "Product B Total BRR": 0,
    "Product C Rank": 0,
    "Product C Total BRR": 4320,
    "Product D Rank": 0,
    "Product D Total BRR": 29707,
    "Product E Rank": 0,
    "Product F - Metro Rank": 0
  },
  {
    "ID/Name": 912303,
    "Industry": "Energy & Manufacturing",
    "Vertical": "Manufacturing",
    "Total (BRR)": 135454,
    "Product A Rank": 0,
    "Product A Total BRR": 0,
    "Product B Rank": 108,
    "Product B Total BRR": 128317,
    "Product C Rank": 0,
    "Product C Total BRR": 0,
    "Product D Rank": 0,
    "Product D Total BRR": 0,
    "Product E Rank": 0,
    "Product F - Metro Rank": 0
  },
  {
    "ID/Name": 587743,
    "Industry": "Finance",
    "Vertical": "Finance",
    "Total (BRR)": 6219,
    "Product A Rank": 0,
    "Product A Total BRR": 0,
    "Product B Rank": 905,
    "Product B Total BRR": 0,
    "Product C Rank": 0,
    "Product C Total BRR": 0,
    "Product D Rank": 0,
    "Product D Total BRR": 0,
    "Product E Rank": 0,
    "Product F - Metro Rank": 0
  },
  {
    "ID/Name": 212246,
    "Industry": "Finance",
    "Vertical": "Finance",
    "Total (BRR)": 103710,
    "Product A Rank": 0,
    "Product A Total BRR": 0,
    "Product B Rank": 770,
    "Product B Total BRR": 0,
    "Product C Rank": 0,
    "Product C Total BRR": 11513,
    "Product D Rank": 0,
    "Product D Total BRR": 5634,
    "Product E Rank": 0,
    "Product F - Metro Rank": 0
  },
  {
    "ID/Name": 580425,
    "Industry": "Finance",
    "Vertical": "Finance",
    "Total (BRR)": 125364,
    "Product A Rank": 0,
    "Product A Total BRR": 0,
    "Product B Rank": 766,
    "Product B Total BRR": 0,
    "Product C Rank": 0,
    "Product C Total BRR": 16764,
    "Product D Rank": 89,
    "Product D Total BRR": 24974,
    "Product E Rank": 0,
    "Product F - Metro Rank": 0
  },
  {
    "ID/Name": 163318,
    "Industry": "Other Enterprise",
    "Vertical": "Retail",
    "Total (BRR)": 7249,
    "Product A Rank": 0,
    "Product A Total BRR": 0,
    "Product B Rank": 1147,
    "Product B Total BRR": 0,
    "Product C Rank": 0,
    "Product C Total BRR": 0,
    "Product D Rank": 0,
    "Product D Total BRR": 7249,
    "Product E Rank": 0,
    "Product F - Metro Rank": 0
  },
  {
    "ID/Name": 400119,
    "Industry": "CATV/Satellite",
    "Vertical": "Cable & Satellite",
    "Total (BRR)": 44858,
    "Product A Rank": 0,
    "Product A Total BRR": 0,
    "Product B Rank": 579,
    "Product B Total BRR": 0,
    "Product C Rank": 0,
    "Product C Total BRR": 0,
    "Product D Rank": 0,
    "Product D Total BRR": 0,
    "Product E Rank": 0,
    "Product F - Metro Rank": 0
  },
  {
    "ID/Name": 367495,
    "Industry": "Healthcare",
    "Vertical": "Healthcare",
    "Total (BRR)": 146878,
    "Product A Rank": 0,
    "Product A Total BRR": 0,
    "Product B Rank": 462,
    "Product B Total BRR": 146878,
    "Product C Rank": 0,
    "Product C Total BRR": 0,
    "Product D Rank": 0,
    "Product D Total BRR": 0,
    "Product E Rank": 0,
    "Product F - Metro Rank": 0
  },
  {
    "ID/Name": 397569,
    "Industry": "Media & Content",
    "Vertical": "Internet Content & Software",
    "Total (BRR)": 0,
    "Product A Rank": 0,
    "Product A Total BRR": 0,
    "Product B Rank": 318,
    "Product B Total BRR": 0,
    "Product C Rank": 0,
    "Product C Total BRR": 0,
    "Product D Rank": 0,
    "Product D Total BRR": 0,
    "Product E Rank": 0,
    "Product F - Metro Rank": 0
  },
  {
    "ID/Name": 996458,
    "Industry": "Finance",
    "Vertical": "Finance",
    "Total (BRR)": 5236,
    "Product A Rank": 0,
    "Product A Total BRR": 0,
    "Product B Rank": 907,
    "Product B Total BRR": 0,
    "Product C Rank": 0,
    "Product C Total BRR": 0,
    "Product D Rank": 0,
    "Product D Total BRR": 3222,
    "Product E Rank": 0,
    "Product F - Metro Rank": 0
  },
  {
    "ID/Name": 174769,
    "Industry": "Data Center & Cloud Services",
    "Vertical": "Colo/Hosting",
    "Total (BRR)": 24935,
    "Product A Rank": 0,
    "Product A Total BRR": 0,
    "Product B Rank": 588,
    "Product B Total BRR": 0,
    "Product C Rank": 0,
    "Product C Total BRR": 7137,
    "Product D Rank": 0,
    "Product D Total BRR": 14273,
    "Product E Rank": 0,
    "Product F - Metro Rank": 130
  },
  {
    "ID/Name": 404549,
    "Industry": "Media & Content",
    "Vertical": "Internet Content & Software",
    "Total (BRR)": 36850,
    "Product A Rank": 0,
    "Product A Total BRR": 0,
    "Product B Rank": 16,
    "Product B Total BRR": 0,
    "Product C Rank": 49,
    "Product C Total BRR": 24991,
    "Product D Rank": 0,
    "Product D Total BRR": 2621,
    "Product E Rank": 0,
    "Product F - Metro Rank": 0
  },
  {
    "ID/Name": 941572,
    "Industry": "Other Enterprise",
    "Vertical": "Telecommunications Equipment Provider",
    "Total (BRR)": 107964,
    "Product A Rank": 0,
    "Product A Total BRR": 0,
    "Product B Rank": 114,
    "Product B Total BRR": 20275,
    "Product C Rank": 0,
    "Product C Total BRR": 30041,
    "Product D Rank": 0,
    "Product D Total BRR": 32232,
    "Product E Rank": 0,
    "Product F - Metro Rank": 0
  },
  {
    "ID/Name": 908110,
    "Industry": "Media & Content",
    "Vertical": "Internet Content & Software",
    "Total (BRR)": 41893,
    "Product A Rank": 0,
    "Product A Total BRR": 0,
    "Product B Rank": 17,
    "Product B Total BRR": 0,
    "Product C Rank": 0,
    "Product C Total BRR": 0,
    "Product D Rank": 0,
    "Product D Total BRR": 23448,
    "Product E Rank": 0,
    "Product F - Metro Rank": 117
  },
  {
    "ID/Name": 957010,
    "Industry": "Telecommunications",
    "Vertical": "RLEC",
    "Total (BRR)": 555682,
    "Product A Rank": 0,
    "Product A Total BRR": 6509,
    "Product B Rank": 471,
    "Product B Total BRR": 660,
    "Product C Rank": 0,
    "Product C Total BRR": 0,
    "Product D Rank": 35,
    "Product D Total BRR": 7511,
    "Product E Rank": 13,
    "Product F - Metro Rank": 0
  },
  {
    "ID/Name": 869023,
    "Industry": "Telecommunications",
    "Vertical": "Reseller",
    "Total (BRR)": 69681,
    "Product A Rank": 70,
    "Product A Total BRR": 15579,
    "Product B Rank": 974,
    "Product B Total BRR": 10878,
    "Product C Rank": 0,
    "Product C Total BRR": 0,
    "Product D Rank": 0,
    "Product D Total BRR": 13441,
    "Product E Rank": 0,
    "Product F - Metro Rank": 189
  },
  {
    "ID/Name": 959691,
    "Industry": "Data Center & Cloud Services",
    "Vertical": "Cloud Service Provider",
    "Total (BRR)": 63504,
    "Product A Rank": 0,
    "Product A Total BRR": 0,
    "Product B Rank": 23,
    "Product B Total BRR": 0,
    "Product C Rank": 0,
    "Product C Total BRR": 0,
    "Product D Rank": 97,
    "Product D Total BRR": 0,
    "Product E Rank": 0,
    "Product F - Metro Rank": 0
  },
  {
    "ID/Name": 522147,
    "Industry": "CATV/Satellite",
    "Vertical": "Cable & Satellite",
    "Total (BRR)": 91665,
    "Product A Rank": 0,
    "Product A Total BRR": 15243,
    "Product B Rank": 521,
    "Product B Total BRR": 3048,
    "Product C Rank": 0,
    "Product C Total BRR": 0,
    "Product D Rank": 0,
    "Product D Total BRR": 0,
    "Product E Rank": 0,
    "Product F - Metro Rank": 0
  },
  {
    "ID/Name": 867725,
    "Industry": "Professional Services",
    "Vertical": "Legal",
    "Total (BRR)": 77514,
    "Product A Rank": 0,
    "Product A Total BRR": 0,
    "Product B Rank": 91,
    "Product B Total BRR": 71924,
    "Product C Rank": 0,
    "Product C Total BRR": 623,
    "Product D Rank": 0,
    "Product D Total BRR": 4967,
    "Product E Rank": 0,
    "Product F - Metro Rank": 0
  },
  {
    "ID/Name": 441630,
    "Industry": "Media & Content",
    "Vertical": "Internet Content & Software",
    "Total (BRR)": 144820,
    "Product A Rank": 0,
    "Product A Total BRR": 0,
    "Product B Rank": 15,
    "Product B Total BRR": 2016,
    "Product C Rank": 0,
    "Product C Total BRR": 0,
    "Product D Rank": 0,
    "Product D Total BRR": 0,
    "Product E Rank": 66,
    "Product F - Metro Rank": 120
  },
  {
    "ID/Name": 251358,
    "Industry": "Media & Content",
    "Vertical": "Media",
    "Total (BRR)": 7341,
    "Product A Rank": 0,
    "Product A Total BRR": 0,
    "Product B Rank": 81,
    "Product B Total BRR": 0,
    "Product C Rank": 0,
    "Product C Total BRR": 5098,
    "Product D Rank": 0,
    "Product D Total BRR": 2243,
    "Product E Rank": 0,
    "Product F - Metro Rank": 0
  },
  {
    "ID/Name": 927603,
    "Industry": "Other Enterprise",
    "Vertical": "Retail",
    "Total (BRR)": 0,
    "Product A Rank": 0,
    "Product A Total BRR": 0,
    "Product B Rank": 1194,
    "Product B Total BRR": 0,
    "Product C Rank": 0,
    "Product C Total BRR": 0,
    "Product D Rank": 0,
    "Product D Total BRR": 0,
    "Product E Rank": 0,
    "Product F - Metro Rank": 0
  },
  {
    "ID/Name": 729199,
    "Industry": "Media & Content",
    "Vertical": "Internet Content & Software",
    "Total (BRR)": 91581,
    "Product A Rank": 0,
    "Product A Total BRR": 0,
    "Product B Rank": 101,
    "Product B Total BRR": 0,
    "Product C Rank": 27,
    "Product C Total BRR": 42971,
    "Product D Rank": 0,
    "Product D Total BRR": 34978,
    "Product E Rank": 0,
    "Product F - Metro Rank": 93
  },
  {
    "ID/Name": 865931,
    "Industry": "Telecommunications",
    "Vertical": "National Carrier/ISP",
    "Total (BRR)": 179019,
    "Product A Rank": 0,
    "Product A Total BRR": 5689,
    "Product B Rank": 439,
    "Product B Total BRR": 134335,
    "Product C Rank": 0,
    "Product C Total BRR": 0,
    "Product D Rank": 66,
    "Product D Total BRR": 6045,
    "Product E Rank": 95,
    "Product F - Metro Rank": 0
  },
  {
    "ID/Name": 738698,
    "Industry": "Energy & Manufacturing",
    "Vertical": "Manufacturing",
    "Total (BRR)": 9583,
    "Product A Rank": 0,
    "Product A Total BRR": 0,
    "Product B Rank": 93,
    "Product B Total BRR": 0,
    "Product C Rank": 0,
    "Product C Total BRR": 0,
    "Product D Rank": 0,
    "Product D Total BRR": 0,
    "Product E Rank": 0,
    "Product F - Metro Rank": 0
  },
  {
    "ID/Name": 435806,
    "Industry": "Data Center & Cloud Services",
    "Vertical": "Colo/Hosting",
    "Total (BRR)": 44873,
    "Product A Rank": 0,
    "Product A Total BRR": 0,
    "Product B Rank": 567,
    "Product B Total BRR": 3768,
    "Product C Rank": 0,
    "Product C Total BRR": 0,
    "Product D Rank": 0,
    "Product D Total BRR": 5070,
    "Product E Rank": 0,
    "Product F - Metro Rank": 52
  },
  {
    "ID/Name": 760718,
    "Industry": "Media & Content",
    "Vertical": "Internet Content & Software",
    "Total (BRR)": 68530,
    "Product A Rank": 0,
    "Product A Total BRR": 0,
    "Product B Rank": 105,
    "Product B Total BRR": 52850,
    "Product C Rank": 0,
    "Product C Total BRR": 6117,
    "Product D Rank": 0,
    "Product D Total BRR": 9563,
    "Product E Rank": 0,
    "Product F - Metro Rank": 0
  },
  {
    "ID/Name": 448353,
    "Industry": "Data Center & Cloud Services",
    "Vertical": "Cloud Service Provider",
    "Total (BRR)": 71236,
    "Product A Rank": 0,
    "Product A Total BRR": 0,
    "Product B Rank": 200,
    "Product B Total BRR": 0,
    "Product C Rank": 0,
    "Product C Total BRR": 15645,
    "Product D Rank": 0,
    "Product D Total BRR": 9467,
    "Product E Rank": 0,
    "Product F - Metro Rank": 0
  },
  {
    "ID/Name": 386426,
    "Industry": "Media & Content",
    "Vertical": "Internet Content & Software",
    "Total (BRR)": 0,
    "Product A Rank": 0,
    "Product A Total BRR": 0,
    "Product B Rank": 64,
    "Product B Total BRR": 0,
    "Product C Rank": 0,
    "Product C Total BRR": 0,
    "Product D Rank": 0,
    "Product D Total BRR": 0,
    "Product E Rank": 0,
    "Product F - Metro Rank": 0
  },
  {
    "ID/Name": 191253,
    "Industry": "Finance",
    "Vertical": "Finance",
    "Total (BRR)": 21450,
    "Product A Rank": 0,
    "Product A Total BRR": 0,
    "Product B Rank": 855,
    "Product B Total BRR": 0,
    "Product C Rank": 0,
    "Product C Total BRR": 3525,
    "Product D Rank": 0,
    "Product D Total BRR": 10876,
    "Product E Rank": 0,
    "Product F - Metro Rank": 0
  },
  {
    "ID/Name": 360311,
    "Industry": "Other Enterprise",
    "Vertical": "Transportation",
    "Total (BRR)": 39745,
    "Product A Rank": 0,
    "Product A Total BRR": 0,
    "Product B Rank": 1041,
    "Product B Total BRR": 0,
    "Product C Rank": 0,
    "Product C Total BRR": 6224,
    "Product D Rank": 0,
    "Product D Total BRR": 33521,
    "Product E Rank": 0,
    "Product F - Metro Rank": 201
  },
  {
    "ID/Name": 721656,
    "Industry": "Media & Content",
    "Vertical": "Internet Content & Software",
    "Total (BRR)": 89827,
    "Product A Rank": 0,
    "Product A Total BRR": 0,
    "Product B Rank": 193,
    "Product B Total BRR": 0,
    "Product C Rank": 48,
    "Product C Total BRR": 32421,
    "Product D Rank": 96,
    "Product D Total BRR": 33499,
    "Product E Rank": 0,
    "Product F - Metro Rank": 0
  },
  {
    "ID/Name": 138755,
    "Industry": "Finance",
    "Vertical": "Finance",
    "Total (BRR)": 67376,
    "Product A Rank": 0,
    "Product A Total BRR": 0,
    "Product B Rank": 0,
    "Product B Total BRR": 0,
    "Product C Rank": 0,
    "Product C Total BRR": 12044,
    "Product D Rank": 0,
    "Product D Total BRR": 19547,
    "Product E Rank": 0,
    "Product F - Metro Rank": 0
  },
  {
    "ID/Name": 651241,
    "Industry": "Other Enterprise",
    "Vertical": "Retail",
    "Total (BRR)": 0,
    "Product A Rank": 0,
    "Product A Total BRR": 0,
    "Product B Rank": 1197,
    "Product B Total BRR": 0,
    "Product C Rank": 0,
    "Product C Total BRR": 0,
    "Product D Rank": 0,
    "Product D Total BRR": 0,
    "Product E Rank": 0,
    "Product F - Metro Rank": 0
  },
  {
    "ID/Name": 797980,
    "Industry": "Finance",
    "Vertical": "Finance",
    "Total (BRR)": 148166,
    "Product A Rank": 0,
    "Product A Total BRR": 0,
    "Product B Rank": 763,
    "Product B Total BRR": 0,
    "Product C Rank": 0,
    "Product C Total BRR": 6042,
    "Product D Rank": 0,
    "Product D Total BRR": 3033,
    "Product E Rank": 23,
    "Product F - Metro Rank": 56
  },
  {
    "ID/Name": 812744,
    "Industry": "Other Enterprise",
    "Vertical": "Transportation",
    "Total (BRR)": 100296,
    "Product A Rank": 0,
    "Product A Total BRR": 0,
    "Product B Rank": 968,
    "Product B Total BRR": 0,
    "Product C Rank": 0,
    "Product C Total BRR": 0,
    "Product D Rank": 0,
    "Product D Total BRR": 0,
    "Product E Rank": 0,
    "Product F - Metro Rank": 0
  },
  {
    "ID/Name": 811264,
    "Industry": "Telecommunications",
    "Vertical": "Wireless",
    "Total (BRR)": 211148,
    "Product A Rank": 11,
    "Product A Total BRR": 160310,
    "Product B Rank": 0,
    "Product B Total BRR": 0,
    "Product C Rank": 0,
    "Product C Total BRR": 0,
    "Product D Rank": 0,
    "Product D Total BRR": 0,
    "Product E Rank": 0,
    "Product F - Metro Rank": 161
  },
  {
    "ID/Name": 610306,
    "Industry": "Media & Content",
    "Vertical": "Media",
    "Total (BRR)": 72735,
    "Product A Rank": 0,
    "Product A Total BRR": 0,
    "Product B Rank": 82,
    "Product B Total BRR": 0,
    "Product C Rank": 0,
    "Product C Total BRR": 0,
    "Product D Rank": 55,
    "Product D Total BRR": 2146,
    "Product E Rank": 88,
    "Product F - Metro Rank": 70
  },
  {
    "ID/Name": 258844,
    "Industry": "Energy & Manufacturing",
    "Vertical": "Oil & Gas",
    "Total (BRR)": 21228,
    "Product A Rank": 0,
    "Product A Total BRR": 0,
    "Product B Rank": 1065,
    "Product B Total BRR": 0,
    "Product C Rank": 0,
    "Product C Total BRR": 5002,
    "Product D Rank": 0,
    "Product D Total BRR": 11196,
    "Product E Rank": 0,
    "Product F - Metro Rank": 0
  },
  {
    "ID/Name": 435349,
    "Industry": "Government",
    "Vertical": "Federal Government",
    "Total (BRR)": 147470,
    "Product A Rank": 0,
    "Product A Total BRR": 0,
    "Product B Rank": 962,
    "Product B Total BRR": 0,
    "Product C Rank": 0,
    "Product C Total BRR": 0,
    "Product D Rank": 0,
    "Product D Total BRR": 0,
    "Product E Rank": 0,
    "Product F - Metro Rank": 0
  },
  {
    "ID/Name": 837905,
    "Industry": "Media & Content",
    "Vertical": "Media",
    "Total (BRR)": 35639,
    "Product A Rank": 0,
    "Product A Total BRR": 0,
    "Product B Rank": 220,
    "Product B Total BRR": 0,
    "Product C Rank": 0,
    "Product C Total BRR": 4306,
    "Product D Rank": 0,
    "Product D Total BRR": 0,
    "Product E Rank": 0,
    "Product F - Metro Rank": 0
  },
  {
    "ID/Name": 883473,
    "Industry": "Healthcare",
    "Vertical": "Health Insurance",
    "Total (BRR)": 109869,
    "Product A Rank": 34,
    "Product A Total BRR": 30370,
    "Product B Rank": 965,
    "Product B Total BRR": 0,
    "Product C Rank": 0,
    "Product C Total BRR": 4379,
    "Product D Rank": 0,
    "Product D Total BRR": 49372,
    "Product E Rank": 0,
    "Product F - Metro Rank": 126
  },
  {
    "ID/Name": 450667,
    "Industry": "Data Center & Cloud Services",
    "Vertical": "Colo/Hosting",
    "Total (BRR)": 86881,
    "Product A Rank": 0,
    "Product A Total BRR": 0,
    "Product B Rank": 520,
    "Product B Total BRR": 3605,
    "Product C Rank": 0,
    "Product C Total BRR": 1208,
    "Product D Rank": 0,
    "Product D Total BRR": 1511,
    "Product E Rank": 0,
    "Product F - Metro Rank": 167
  },
  {
    "ID/Name": 404968,
    "Industry": "CATV/Satellite",
    "Vertical": "Cable & Satellite",
    "Total (BRR)": 78305,
    "Product A Rank": 0,
    "Product A Total BRR": 21806,
    "Product B Rank": 152,
    "Product B Total BRR": 495,
    "Product C Rank": 0,
    "Product C Total BRR": 0,
    "Product D Rank": 0,
    "Product D Total BRR": 19874,
    "Product E Rank": 0,
    "Product F - Metro Rank": 184
  },
  {
    "ID/Name": 746926,
    "Industry": "Data Center & Cloud Services",
    "Vertical": "Colo/Hosting",
    "Total (BRR)": 302211,
    "Product A Rank": 0,
    "Product A Total BRR": 0,
    "Product B Rank": 472,
    "Product B Total BRR": 9006,
    "Product C Rank": 2,
    "Product C Total BRR": 107004,
    "Product D Rank": 12,
    "Product D Total BRR": 48918,
    "Product E Rank": 0,
    "Product F - Metro Rank": 0
  },
  {
    "ID/Name": 890004,
    "Industry": "Telecommunications",
    "Vertical": "Regional Carrier/ISP",
    "Total (BRR)": 302362,
    "Product A Rank": 40,
    "Product A Total BRR": 21504,
    "Product B Rank": 0,
    "Product B Total BRR": 678,
    "Product C Rank": 0,
    "Product C Total BRR": 17332,
    "Product D Rank": 17,
    "Product D Total BRR": 24925,
    "Product E Rank": 0,
    "Product F - Metro Rank": 17
  },
  {
    "ID/Name": 370062,
    "Industry": "Healthcare",
    "Vertical": "Health Insurance",
    "Total (BRR)": 16827,
    "Product A Rank": 0,
    "Product A Total BRR": 0,
    "Product B Rank": 88,
    "Product B Total BRR": 0,
    "Product C Rank": 0,
    "Product C Total BRR": 252,
    "Product D Rank": 0,
    "Product D Total BRR": 70,
    "Product E Rank": 0,
    "Product F - Metro Rank": 116
  }
]