Name/ID,Vertical,Industry,EmployeeQuantityGrowthRate,SalesTurnoverGrowthRate,PriorYearEmployees, PriorYearRevenue , SalesVolume ,SmallBusiness
10168,VOIP/VSP,Telecommunications,0,0,3," $197,123.89 "," $197,123.89 ",Y
10301,Media,Media & Content,0,0,70, $-   ," $1,092,843.01 ",Y
10329,Real Estate / Construction,Other Enterprise,0.157143,0.322514,70," $15,635,647.41 "," $20,678,366.92 ",N
10492,Cloud Service Provider,Data Center & Cloud Services,0,0.073722,55," $6,439,380.37 "," $6,914,105.95 ",Y
10565,Higher Education,Research & Education,0,-0.073995,455, $-   ," $124,190,797.98 ",N
10599,Manufacturing,Energy & Manufacturing,0,0.397113,57," $10,907,521.86 "," $15,239,044.66 ",Y
11179,Retail,Other Enterprise,0,0,0, $-   ," $273,104.63 ",Y
11243,Consulting / Other Professional Services,Professional Services,0,0,9," $801,637.15 "," $801,637.15 ",Y
11410,Finance,Finance,0,0,2," $102,504.42 "," $102,504.42 ",Y
11573,Non-Healthcare Insurance,Other Enterprise,0,0,44," $9,199,114.82 "," $9,199,114.82 ",Y
11850,Oil & Gas,Energy & Manufacturing,0,0,50, $-   ," $38,979,817.93 ",N
11919,Legal,Professional Services,0,0.401205,12," $1,708,407.04 "," $2,393,827.83 ",N
12029,Consulting / Other Professional Services,Professional Services,0,0,0, $-   ," $265,942.47 ",N
12268,Internet Content & Software,Media & Content,0,0,14," $2,234,070.74 "," $2,234,070.74 ",Y
12283,Consulting / Other Professional Services,Professional Services,#N/A,#N/A,#N/A,#N/A,#N/A,#N/A
12348,Consulting / Other Professional Services,Professional Services,0,0.694458,52," $7,227,875.93 "," $12,247,329.56 ",Y
12427,Manufacturing,Energy & Manufacturing,0,0,0, $-   , $-   ,N
12451,Internet Content & Software,Media & Content,0,0,4," $381,106.19 "," $381,106.19 ",Y
12620,Systems Integrators,Government,5.25,7.52236,8," $1,169,601.74 "," $9,967,766.57 ",N
12813,Consulting / Other Professional Services,Professional Services,0,0.015873,4," $827,920.33 "," $841,061.93 ",Y
12870,Internet Content & Software,Media & Content,0,0,0, $-   , $-   ,0
13149,Manufacturing,Energy & Manufacturing,0,0.030303,4," $433,672.56 "," $446,814.15 ",Y
13226,Consulting / Other Professional Services,Professional Services,0,0,17," $1,708,407.04 "," $1,708,407.04 ",Y
13512,Internet Content & Software,Media & Content,0,-0.083333,1," $157,699.11 "," $144,557.52 ",Y
13527,Higher Education,Research & Education,#N/A,#N/A,#N/A,#N/A,#N/A,#N/A
13587,Utilities,Energy & Manufacturing,0,0,3," $210,265.48 "," $210,265.48 ",N
13665,Finance,Finance,0,0,55," $3,942,477.78 "," $3,942,477.78 ",Y
13895,Real Estate / Construction,Other Enterprise,0,0,0, $-   , $-   ,N
13961,Regional Carrier/ISP,Telecommunications,0,0.016667,6," $788,495.56 "," $801,637.15 ",Y
13971,RLEC,Telecommunications,0,0,7," $274,389.88 "," $274,389.88 ",N
14113,Internet Content & Software,Media & Content,0,0,0, $-   ," $4,634,807.10 ",N
14172,Regional Carrier/ISP,Telecommunications,0,0,2," $249,690.26 "," $249,690.26 ",Y
14181,Non-Healthcare Insurance,Other Enterprise,0,0.630487,3," $407,389.37 "," $664,243.11 ",N
14259,Federal Government,Government,0,0.164976,469," $106,858,733.92 "," $124,487,807.17 ",N
14288,Oil & Gas,Energy & Manufacturing,0,1.676839,700," $112,360,616.73 "," $300,771,288.15 ",N
14410,Colo/Hosting,Data Center & Cloud Services,0,-0.101873,20," $3,416,814.08 "," $3,068,731.40 ",N
14458,Healthcare,Healthcare,0,0.499768,65," $7,490,707.78 "," $11,234,326.98 ",Y
14693,Higher Education,Research & Education,0,-0.01525,2000, $-   ," $412,417,343.93 ",N
14709,National Carrier/ISP,Telecommunications,#N/A,#N/A,#N/A,#N/A,#N/A,#N/A
14895,Commercial Systems Integrator,Professional Services,0,-0.2,12," $1,971,238.89 "," $1,576,991.11 ",Y
15054,Media,Media & Content,0,0,6," $1,576,991.11 "," $1,576,991.11 ",Y
15089,Consulting / Other Professional Services,Professional Services,0,0.860887,180," $52,566,370.40 "," $97,820,096.34 ",Y
15191,Colo/Hosting,Data Center & Cloud Services,0,0,0, $-   , $-   ,N
15307,Hospitality,Other Enterprise,0,2.501643,2100," $168,475,217.13 "," $589,940,142.80 ",N
15519,Utilities,Energy & Manufacturing,0,1.348301,775," $106,184,068.21 "," $249,352,135.42 ",N
15581,Consulting / Other Professional Services,Professional Services,0,0.541957,25," $4,599,557.41 "," $7,092,319.09 ",Y
15627,Internet Content & Software,Media & Content,0,0.023529,1," $111,703.54 "," $114,331.86 ",Y
15629,Cloud Service Provider,Data Center & Cloud Services,0,3.075201,28," $6,570,796.30 "," $26,777,318.28 ",Y
15718,Engineering,Professional Services,0,0,803," $433,245,117.62 "," $433,245,117.62 ",N
16084,K-12 Education,Research & Education,0,0,0, $-   , $-   ,N
16447,State/Local Government,Government,0,0,0, $-   , $-   ,N
16451,Health Insurance,Healthcare,0,0.159358,150," $26,151,769.27 "," $30,319,250.83 ",N
16462,Consulting / Other Professional Services,Professional Services,0,1.431462,30," $6,439,380.37 "," $15,657,106.32 ",Y
16486,Internet Content & Software,Media & Content,0,2.215709,30," $4,599,557.41 "," $14,790,837.50 ",Y
16872,Higher Education,Research & Education,0,0,3000, $-   ," $388,501,656.06 ",N
17098,Internet Content & Software,Media & Content,0,0,1," $72,278.76 "," $72,278.76 ",Y
17124,Cloud Service Provider,Data Center & Cloud Services,0,0.066667,3," $197,123.89 "," $210,265.48 ",Y
17452,Colo/Hosting,Data Center & Cloud Services,0,0,2," $525,663.70 "," $525,663.70 ",Y
17539,Consulting / Other Professional Services,Professional Services,0,0.103809,32," $3,416,814.08 "," $3,771,509.60 ",N
17695,Cloud Service Provider,Data Center & Cloud Services,0,2.488372,11," $1,130,176.96 "," $3,942,477.78 ",Y
17803,Retail,Other Enterprise,0,0.055556,2," $118,274.33 "," $124,845.13 ",Y
18095,Colo/Hosting,Data Center & Cloud Services,0,0,0, $-   , $-   ,N
18149,State/Local Government,Government,0,0,630, $-   , $-   ,N
18228,Regional Carrier/ISP,Telecommunications,0,4.88929,13," $1,301,017.67 "," $7,662,070.21 ",Y
18283,Finance,Finance,4.833333,9.526782,6," $657,079.63 "," $6,916,934.02 ",Y
18476,Internet Content & Software,Media & Content,0,0.472195,200," $59,399,998.55 "," $87,448,387.44 ",N
18493,Consulting / Other Professional Services,Professional Services,0,0,1," $55,194.69 "," $55,194.69 ",Y
18514,Consulting / Other Professional Services,Professional Services,0,0.083333,2," $157,699.11 "," $170,840.70 ",Y
18727,Real Estate / Construction,Other Enterprise,#N/A,#N/A,#N/A,#N/A,#N/A,#N/A
18730,Cable & Satellite,CATV/Satellite,0,-0.515,10," $2,628,318.52 "," $1,274,734.48 ",Y
18834,Consulting / Other Professional Services,Professional Services,1.5,3.781561,40," $2,234,070.74 "," $10,682,345.93 ",Y
18844,Healthcare,Healthcare,0,0,13," $1,169,601.74 "," $1,169,601.74 ",Y
19712,Engineering,Professional Services,0,16.29826,300," $30,094,247.05 "," $520,578,106.10 ",N
19747,Finance,Finance,0,0,0, $-   , $-   ,0
19886,State/Local Government,Government,0,0,85, $-   , $-   ,N
20216,State/Local Government,Government,0,0.104167,7," $630,796.44 "," $696,504.41 ",N
20331,Reseller,Telecommunications,0,0.015152,1," $86,734.51 "," $88,048.67 ",Y
20337,Reseller,Telecommunications,0,2.048272,25," $1,077,610.59 "," $3,284,850.15 ",Y
20827,Retail,Other Enterprise,-0.5,-0.627451,6," $670,221.22 "," $262,831.85 ",Y
20923,Consulting / Other Professional Services,Professional Services,0,0.286091,8," $919,911.48 "," $1,183,090.27 ",Y
20963,Consulting / Other Professional Services,Professional Services,0,0,13," $1,314,159.26 "," $1,314,159.26 ",Y
21104,Manufacturing,Energy & Manufacturing,-0.058824,-0.098564,22100," $14,175,704,521.69 "," $12,778,490,396.46 ",N
21244,RLEC,Telecommunications,0,0.838916,25," $3,416,814.08 "," $6,283,234.60 ",N
21428,State/Local Government,Government,0,0,100," $23,539,433.56 "," $23,539,433.56 ",N
21474,Internet Content & Software,Media & Content,0,0.678496,87," $14,192,920.01 "," $23,822,754.47 ",Y
21481,Consulting / Other Professional Services,Professional Services,2.833333,0,6," $2,102,654.82 "," $2,102,654.82 ",Y
21486,Regional Carrier/ISP,Telecommunications,0,0,3," $328,539.82 "," $328,539.82 ",Y
21576,Colo/Hosting,Data Center & Cloud Services,0,0,2," $197,123.89 "," $197,123.89 ",Y
21612,Higher Education,Research & Education,0,0,1100, $-   ," $195,857,059.19 ",N
21613,Regional Carrier/ISP,Telecommunications,0,0,25," $3,679,645.93 "," $3,679,645.93 ",Y
21634,State/Local Government,Government,0,0,0, $-   ," $8,194,487.38 ",Y
21647,Internet Content & Software,Media & Content,0,-0.032258,1," $122,216.81 "," $118,274.33 ",Y
21857,Wireless,Telecommunications,0,2.182119,14," $1,839,822.96 "," $5,854,536.14 ",Y
21930,Finance,Finance,0,4.081976,5," $775,353.96 "," $3,940,330.44 ",Y
22164,Consulting / Other Professional Services,Professional Services,0,0,2," $262,831.85 "," $262,831.85 ",Y
22278,Retail,Other Enterprise,0,0,5," $3,416,814.08 "," $3,416,814.08 ",Y
22309,Commercial Systems Integrator,Professional Services,0,0,35," $19,821,217.06 "," $19,821,217.06 ",Y
22390,Colo/Hosting,Data Center & Cloud Services,0,0,0, $-   ," $67,022.12 ",Y
22430,,,0,0,2," $289,115.04 "," $289,115.04 ",N
22508,Internet Content & Software,Media & Content,0,0,0, $-   , $-   ,0
22520,Consulting / Other Professional Services,Professional Services,0,0.208648,25," $3,679,645.93 "," $4,447,394.85 ",Y
22644,Finance,Finance,0,-0.116857,24," $3,153,982.22 "," $2,785,417.06 ",N
22645,Finance,Finance,0,0,2," $197,123.89 "," $197,123.89 ",Y
22747,Internet Content & Software,Media & Content,0,0,150," $21,026,548.16 "," $21,026,548.16 ",Y
22876,Finance,Finance,0,5.415062,1100," $27,728,760.39 "," $177,881,704.97 ",Y
22967,Finance,Finance,0,0.1605,350," $27,597,344.46 "," $32,026,716.93 ",N
22973,Retail,Other Enterprise,0,0.018868,1," $69,650.44 "," $70,964.60 ",Y
23000,,,0,0.527164,100," $22,340,707.42 "," $34,117,929.36 ",N
23138,Finance,Finance,0,-0.066667,2," $197,123.89 "," $183,982.30 ",Y
23197,Regional Carrier/ISP,Telecommunications,0,0.027027,4," $486,238.93 "," $499,380.52 ",Y
23312,Finance,Finance,0.22807,1.790293,285," $42,973,007.80 "," $119,907,273.53 ",N
23313,Regional Carrier/ISP,Telecommunications,0,0,0, $-   , $-   ,N
23405,State/Local Government,Government,0,0,2," $183,982.30 "," $183,982.30 ",Y
23539,Colo/Hosting,Data Center & Cloud Services,0,0.767934,20," $3,153,982.22 "," $5,576,032.93 ",Y
23588,Internet Content & Software,Media & Content,0,0.148582,35," $4,730,973.34 "," $5,433,910.55 ",Y
23614,Research,Research & Education,0,0,2," $131,415.93 "," $131,415.93 ",Y
23885,Wireless,Telecommunications,0,-0.441773,10," $1,169,601.74 "," $652,903.23 ",Y
23999,Engineering,Professional Services,0,2.67113,100," $20,632,300.38 "," $75,743,863.47 ",N
24048,Retail,Other Enterprise,0,0,12," $1,708,407.04 "," $1,708,407.04 ",Y
24139,Reseller,Telecommunications,0,0.058824,3," $223,407.07 "," $236,548.67 ",Y
24150,National Carrier/ISP,Telecommunications,0,0,2," $113,017.70 "," $113,017.70 ",Y
24284,Commercial Systems Integrator,Professional Services,0,0,0, $-   , $-   ,N
24370,Retail,Other Enterprise,0,2.259967,42," $1,971,238.89 "," $6,426,173.07 ",Y
24593,Retail,Other Enterprise,0,0.708249,250," $36,796,459.28 "," $62,857,517.40 ",N
24783,Reseller,Telecommunications,3.473684,5.688192,19," $2,365,486.67 "," $15,820,829.53 ",Y
24863,Retail,Other Enterprise,0,1.351296,1819," $134,701,324.15 "," $316,722,643.93 ",N
25178,Healthcare,Healthcare,0,0,2," $111,703.54 "," $111,703.54 ",Y
25231,Internet Content & Software,Media & Content,0,0,2," $114,331.86 "," $114,331.86 ",Y
25356,Consulting / Other Professional Services,Professional Services,0.046875,0.058513,3200," $894,174,987.05 "," $946,495,609.67 ",N
25464,Media,Media & Content,0,0.010526,10," $1,248,451.30 "," $1,261,592.89 ",Y
25662,Internet Content & Software,Media & Content,0,0.147541,11," $801,637.15 "," $919,911.48 ",Y
25744,Real Estate / Construction,Other Enterprise,0,0,0, $-   , $-   ,N
25761,Internet Content & Software,Media & Content,0,0.022222,6," $591,371.67 "," $604,513.26 ",Y
25763,Finance,Finance,0,0.212121,2," $130,101.77 "," $157,699.11 ",Y
25830,Internet Content & Software,Media & Content,0,0.025316,1," $103,818.58 "," $106,446.90 ",Y
25872,Finance,Finance,0,0,0, $-   , $-   ,N
25885,Transportation,Other Enterprise,0,0.226717,60," $3,679,645.93 "," $4,513,886.05 ",Y
26267,Consulting / Other Professional Services,Professional Services,11.5,23.656875,4," $670,221.22 "," $16,525,560.58 ",Y
26325,Manufacturing,Energy & Manufacturing,0,-0.999907,260," $243,119,463.10 "," $22,723.13 ",N
26351,State/Local Government,Government,0,0,1200, $-   , $-   ,N
26371,Colo/Hosting,Data Center & Cloud Services,0,0.026996,5300," $4,405,456,087.30 "," $4,524,387,500.33 ",N
26488,Consulting / Other Professional Services,Professional Services,0,0.011993,68," $9,593,362.60 "," $9,708,415.93 ",Y
26669,Internet Content & Software,Media & Content,0,0.573161,300," $43,104,423.73 "," $67,810,188.09 ",Y
26670,Healthcare,Healthcare,0,0,35000," $1,612,356,451.85 "," $1,612,356,451.85 ",N
26867,Legal,Professional Services,0,0,6," $578,230.07 "," $578,230.07 ",Y
27411,Healthcare,Healthcare,0,13.156501,14400," $1,176,172,537.70 "," $16,650,487,138.41 ",N
27533,Internet Content & Software,Media & Content,1.266667,4.587922,75," $11,696,017.41 "," $65,356,437.23 ",N
27779,Retail,Other Enterprise,0,0,1," $65,707.96 "," $65,707.96 ",Y
28013,Real Estate / Construction,Other Enterprise,0,6.436675,550," $18,398,229.64 "," $136,821,660.98 ",N
28078,Regional Carrier/ISP,Telecommunications,0,0,1," $73,592.92 "," $73,592.92 ",Y
28244,Internet Content & Software,Media & Content,0,0,25," $2,496,902.59 "," $2,496,902.59 ",Y
28510,National Carrier/ISP,Telecommunications,0,0,1, $-   , $-   ,0
28634,Media,Media & Content,0,0.036097,30," $413,300,352.50 "," $428,219,194.38 ",N
28664,K-12 Education,Research & Education,0,0,0, $-   , $-   ,N
28945,Finance,Finance,0,0,2," $170,840.70 "," $170,840.70 ",Y
29229,Cloud Service Provider,Data Center & Cloud Services,0.8,1.247377,10," $1,445,575.19 "," $3,248,752.82 ",Y
29279,Finance,Finance,0,0,50," $4,599,557.41 "," $4,599,557.41 ",Y
29296,Wireless,Telecommunications,0,-0.081016,65," $8,410,619.26 "," $7,729,223.75 ",Y
29382,Federal Government,Government,0,0,0, $-   , $-   ,N
29450,Retail,Other Enterprise,0,2.219679,20," $2,234,070.74 "," $7,192,990.26 ",Y
29479,Internet Content & Software,Media & Content,0,0.026316,1," $99,876.10 "," $102,504.42 ",Y
29582,Consulting / Other Professional Services,Professional Services,0,1.725974,195," $7,753,539.63 "," $21,135,946.66 ",Y
29832,Systems Integrators,Government,0,0,14," $1,839,822.96 "," $1,839,822.96 ",Y
29842,Cloud Service Provider,Data Center & Cloud Services,0,0,2," $197,123.89 "," $197,123.89 ",Y
29857,VOIP/VSP,Telecommunications,0,-0.236658,150," $31,276,990.39 "," $23,875,031.72 ",Y
30010,Finance,Finance,0,0,0, $-   ," $5,974,595.10 ",N
30081,Cable & Satellite,CATV/Satellite,0,0,15, $-   ," $1,235,859.02 ",Y
30422,,,0,1.949996,375," $32,722,565.57 "," $96,531,448.85 ",N
30496,Internet Content & Software,Media & Content,0,0,2," $183,982.30 "," $183,982.30 ",Y
30567,Legal,Professional Services,0,1.345058,3662," $450,099,546.55 "," $1,055,509,542.43 ",N
30592,Real Estate / Construction,Other Enterprise,0,0,0, $-   , $-   ,N
30679,Internet Content & Software,Media & Content,0,0,0, $-   ," $131,415.93 ",Y
30692,Internet Content & Software,Media & Content,0,0,0, $-   , $-   ,N
30717,Cable & Satellite,CATV/Satellite,0,0,7," $328,539.82 "," $328,539.82 ",Y
30746,Consulting / Other Professional Services,Professional Services,0.003176,0,17000, $-   ," $4,294,340,070.06 ",N
30786,National Carrier/ISP,Telecommunications,#N/A,#N/A,#N/A,#N/A,#N/A,#N/A
30842,Media,Media & Content,0,0,2," $123,530.97 "," $123,530.97 ",Y
30934,Media,Media & Content,0.166667,0.488619,12," $1,130,176.96 "," $1,682,402.45 ",Y
31243,RLEC,Telecommunications,0,0,12," $2,978,218.68 "," $2,978,218.68 ",Y
31431,Internet Content & Software,Media & Content,0,0,22," $16,426,990.75 "," $16,426,990.75 ",Y
31463,Federal Government,Government,0,0,9500, $-   , $-   ,N
31487,Consulting / Other Professional Services,Professional Services,0,0,40," $15,769,911.12 "," $15,769,911.12 ",Y
31770,K-12 Education,Research & Education,0,0,0, $-   ," $599,607.50 ",N
31916,Regional Carrier/ISP,Telecommunications,0,0.017857,1," $73,592.92 "," $74,907.08 ",Y
31995,Telecommunications Equipment Provider,Other Enterprise,0,0.422066,10," $1,287,876.07 "," $1,831,445.20 ",Y
32223,Finance,Finance,0,0.387768,70," $10,644,690.01 "," $14,772,363.05 ",Y
32434,Finance,Finance,0,0,25," $591,371.67 "," $591,371.67 ",Y
32471,Retail,Other Enterprise,0,-0.594933,2500," $177,017,252.32 "," $71,703,922.38 ",N
32627,Colo/Hosting,Data Center & Cloud Services,23,117.499977,1," $170,840.70 "," $20,244,619.46 ",Y
32729,Finance,Finance,0,0,30," $1,839,822.96 "," $1,839,822.96 ",Y
32924,Federal Government,Government,0,0,0, $-   , $-   ,N
33180,Manufacturing,Energy & Manufacturing,0,1.710904,2700," $428,284,502.83 "," $1,161,038,343.24 ",N
33198,Cloud Service Provider,Data Center & Cloud Services,0,0.011236,1," $116,960.17 "," $118,274.33 ",Y
33226,Engineering,Professional Services,0,0,13," $1,708,407.04 "," $1,708,407.04 ",Y
33432,RLEC,Telecommunications,0,-0.047619,3," $275,973.44 "," $275,973.44 ",Y
33728,Internet Content & Software,Media & Content,0,1.887689,100," $18,135,397.79 "," $52,369,383.18 ",N
34173,Consulting / Other Professional Services,Professional Services,0.333333,4,30," $2,891,150.37 "," $14,455,751.86 ",Y
34269,Internet Content & Software,Media & Content,0,0.546378,47," $6,439,380.37 "," $9,957,713.25 ",N
34427,Consulting / Other Professional Services,Professional Services,0,0,0, $-   , $-   ,N
34444,Consulting / Other Professional Services,Professional Services,0,0,3," $236,548.67 "," $236,548.67 ",Y
34512,State/Local Government,Government,0,0,2500, $-   , $-   ,N
34574,PTT,Telecommunications,1.1,4.691529,10," $985,619.45 "," $5,609,681.98 ",N
35258,Regional Carrier/ISP,Telecommunications,0,10.125187,350," $23,260,618.90 "," $258,778,741.72 ",Y
35355,,,0,1.193305,30," $4,336,725.56 "," $9,511,759.88 ",Y
35412,Federal Government,Government,0,1.575201,40," $2,365,486.67 "," $6,091,603.90 ",N
35577,Colo/Hosting,Data Center & Cloud Services,0,0,0, $-   ," $131,415.93 ",Y
35583,Internet Content & Software,Media & Content,0,0.594764,56," $5,782,300.74 "," $9,221,404.28 ",Y
35616,Colo/Hosting,Data Center & Cloud Services,0,0.088235,1," $44,681.41 "," $48,623.89 ",Y
35831,Consulting / Other Professional Services,Professional Services,0,0,3," $394,247.78 "," $394,247.78 ",Y
35957,Transportation,Other Enterprise,0,0.035088,20," $749,070.78 "," $775,353.96 ",Y
35972,Finance,Finance,0,2.007164,9," $1,445,575.19 "," $4,347,081.13 ",Y
35982,Manufacturing,Energy & Manufacturing,0,0.0125,14," $1,051,327.41 "," $1,064,469.00 ",Y
35991,Regional Carrier/ISP,Telecommunications,0,0,0, $-   ," $149,718.22 ",N
36038,Consulting / Other Professional Services,Professional Services,0,2.228728,524," $42,841,591.88 "," $138,323,850.15 ",N
36274,Regional Carrier/ISP,Telecommunications,0,0,15," $3,219,690.19 "," $3,219,690.19 ",Y
36712,Colo/Hosting,Data Center & Cloud Services,0,0.394448,23," $3,942,477.78 "," $5,497,580.26 ",Y
36850,Cloud Service Provider,Data Center & Cloud Services,0,1.313566,86," $15,112,831.49 "," $34,964,535.73 ",Y
36978,Retail,Other Enterprise,0,-0.288528,140," $38,279,389.44 "," $27,234,723.24 ",N
37092,State/Local Government,Government,0,0,3," $223,407.07 "," $223,407.07 ",Y
37269,Finance,Finance,0,-0.05048,837," $226,152,352.89 "," $214,736,251.40 ",N
37324,Manufacturing,Energy & Manufacturing,0,1.829425,60," $6,307,964.45 "," $17,847,912.31 ",Y
37348,Internet Content & Software,Media & Content,0,0,0, $-   , $-   ,N
37399,Cloud Service Provider,Data Center & Cloud Services,1.4,1.109042,25," $4,205,309.63 "," $8,869,175.43 ",Y
37833,Healthcare,Healthcare,0,0.29137,2000," $173,074,774.54 "," $223,503,596.57 ",N
37960,Internet Content & Software,Media & Content,0,0,0, $-   , $-   ,N
37981,Real Estate / Construction,Other Enterprise,0,0.862342,21," $2,365,486.67 "," $4,405,344.38 ",Y
38096,Cloud Service Provider,Data Center & Cloud Services,0,0.421053,4," $249,690.26 "," $354,823.00 ",Y
38359,Consulting / Other Professional Services,Professional Services,0,0,1," $144,557.52 "," $144,557.52 ",Y
38428,Finance,Finance,-1,-1,3," $157,699.11 ", $-   ,N
38447,Finance,Finance,0,0.029412,4," $446,814.15 "," $459,955.74 ",Y
38626,Media,Media & Content,0,0,0, $-   ," $17,459,942.27 ",Y
38705,Consulting / Other Professional Services,Professional Services,0,0,2," $210,265.48 "," $210,265.48 ",Y
38718,Colo/Hosting,Data Center & Cloud Services,0,0,2," $144,557.52 "," $144,557.52 ",Y
38899,Healthcare,Healthcare,0,0.022727,18," $1,156,460.15 "," $1,182,743.33 ",Y
39284,Higher Education,Research & Education,0,1.265267,53," $3,416,814.08 "," $7,739,995.91 ",Y
39448,Non-Healthcare Insurance,Other Enterprise,0,0,240," $328,539,815.00 "," $328,539,815.00 ",N
39450,Retail,Other Enterprise,0,-0.010286,1135," $335,636,275.00 "," $332,183,881.38 ",N
39534,Consulting / Other Professional Services,Professional Services,0,-0.090909,1," $144,557.52 "," $131,415.93 ",Y
39569,Legal,Professional Services,0,0.381319,90," $11,827,433.34 "," $16,337,463.65 ",Y
39837,Internet Content & Software,Media & Content,0,0,0, $-   ," $122,325.89 ",N
39956,Cloud Service Provider,Data Center & Cloud Services,0,0,0, $-   ," $105,621.61 ",N
40039,Consulting / Other Professional Services,Professional Services,0.070833,0.080521,2400," $736,000,150.20 "," $795,263,476.19 ",N
40224,Retail,Other Enterprise,-0.212851,-0.137891,249000," $47,556,795,300.88 "," $40,999,140,593.48 ",N
40240,Internet Content & Software,Media & Content,0,0,15," $788,495.56 "," $788,495.56 ",Y
40294,Healthcare,Healthcare,0,0,0, $-   ," $5,640,965.54 ",Y
40488,Healthcare,Healthcare,0,0.514867,3700," $410,674,768.75 "," $622,117,518.90 ",N
40505,Media,Media & Content,0,3.270054,4300," $601,884,941.08 "," $2,570,080,938.68 ",N
40673,Regional Carrier/ISP,Telecommunications,0,3.108496,15," $2,102,654.82 "," $8,638,749.43 ",Y
40699,VOIP/VSP,Telecommunications,0,0,0, $-   , $-   ,N
40783,,,0,0,2," $144,557.52 "," $144,557.52 ",Y
40980,Consulting / Other Professional Services,Professional Services,-0.088312,-0.027994,15400," $2,226,576,091.74 "," $2,164,245,518.04 ",N
40985,Internet Content & Software,Media & Content,0,0.012658,1," $103,818.58 "," $105,132.74 ",Y
41223,Retail,Other Enterprise,0,0,0, $-   , $-   ,N
41690,Healthcare,Healthcare,0,5.097284,25," $1,971,238.89 "," $12,019,203.34 ",N
41795,Manufacturing,Energy & Manufacturing,-0.04918,0.006061,18300," $7,480,851,587.55 "," $7,526,190,082.02 ",N
41991,Consulting / Other Professional Services,Professional Services,0,0,3," $249,690.26 "," $249,690.26 ",Y
42010,Reseller,Telecommunications,0,0,0, $-   ," $943,846.26 ",N
42094,RLEC,Telecommunications,0,1.97408,70," $13,010,176.67 "," $38,693,306.24 ",Y
42130,Finance,Finance,0,0.022727,6," $578,230.07 "," $591,371.67 ",Y
42157,National Carrier/ISP,Telecommunications,0,0,51," $20,238,052.60 "," $20,238,052.60 ",Y
42274,State/Local Government,Government,-0.995058,0,11735, $-   , $-   ,N
42296,Internet Content & Software,Media & Content,0,0,6," $101,190.26 "," $101,190.26 ",Y
42510,Engineering,Professional Services,0.15625,0.14803,64," $21,307,076.48 "," $24,461,155.95 ",Y
42744,Colo/Hosting,Data Center & Cloud Services,0,0,2," $197,123.89 "," $197,123.89 ",Y
42978,Transportation,Other Enterprise,0,0,0, $-   , $-   ,N
43118,RLEC,Telecommunications,0,0.063134,200," $78,780,380.88 "," $83,754,086.01 ",Y
43124,Higher Education,Research & Education,0,0,2600, $-   ," $272,720,298.55 ",N
43155,Internet Content & Software,Media & Content,0,0.113636,6," $578,230.07 "," $643,938.04 ",Y
43158,Cloud Service Provider,Data Center & Cloud Services,0,0.047497,100," $15,375,663.34 "," $16,105,957.41 ",N
43271,Internet Content & Software,Media & Content,0.09375,0.104856,1920," $646,980,316.09 "," $714,819,845.41 ",N
43380,Commercial Systems Integrator,Professional Services,0,0,6," $949,851.97 "," $949,851.97 ",Y
43576,Retail,Other Enterprise,0,2.541328,600," $20,238,052.60 "," $71,669,582.09 ",N
43626,Consulting / Other Professional Services,Professional Services,0,0.880537,40," $7,359,291.86 "," $13,839,417.74 ",Y
43888,Consulting / Other Professional Services,Professional Services,0,1.917005,200," $32,065,485.94 "," $93,535,182.83 ",Y
44017,Higher Education,Research & Education,0,0,2500, $-   ," $449,281,365.45 ",N
44097,Telecommunications Equipment Provider,Other Enterprise,-0.162455,-0.175815,277," $134,140,178.15 "," $110,556,276.07 ",Y
44344,Regional Carrier/ISP,Telecommunications,0,0.011364,12," $1,156,460.15 "," $1,169,601.74 ",Y
44952,Higher Education,Research & Education,0,1.307087,100," $16,821,238.53 "," $38,808,053.37 ",Y
45199,Regional Carrier/ISP,Telecommunications,0,1.286207,20," $3,416,814.08 "," $7,811,542.68 ",Y
45246,Reseller,Telecommunications,0,0,28," $6,570,796.30 "," $6,570,796.30 ",N
45308,Higher Education,Research & Education,0,0,0, $-   , $-   ,N
45346,Commercial Systems Integrator,Professional Services,0,0.021277,4," $617,654.85 "," $630,796.44 ",Y
45348,Wireless,Telecommunications,0,1.330404,10," $1,248,451.30 "," $2,909,396.16 ",N
45474,Regional Carrier/ISP,Telecommunications,0,0.999391,18," $2,365,486.67 "," $4,729,531.70 ",Y
45485,Internet Content & Software,Media & Content,0,0.303571,6," $735,929.19 "," $959,336.26 ",Y
45642,Non-Healthcare Insurance,Other Enterprise,0,0.025,5," $525,663.70 "," $538,805.30 ",Y
45648,State/Local Government,Government,0,0,75, $-   , $-   ,N
45977,Internet Content & Software,Media & Content,0,0,2," $170,840.70 "," $170,840.70 ",Y
46052,Colo/Hosting,Data Center & Cloud Services,0,0.1,2," $131,415.93 "," $144,557.52 ",Y
46348,RLEC,Telecommunications,0,2.436127,53," $8,673,451.12 "," $29,803,076.67 ",Y
46421,Regional Carrier/ISP,Telecommunications,0,0,3," $315,398.22 "," $315,398.22 ",Y
46530,Healthcare,Healthcare,0,-0.708929,1700," $148,368,580.45 "," $43,185,746.53 ",N
46652,Internet Content & Software,Media & Content,0,0.943692,4," $486,238.93 "," $945,098.66 ",Y
46884,Legal,Professional Services,0,0.315939,41," $5,782,300.74 "," $7,609,155.58 ",Y
47118,Consulting / Other Professional Services,Professional Services,0,0,0, $-   , $-   ,0
47153,Consulting / Other Professional Services,Professional Services,0,0.567091,200," $29,174,335.57 "," $45,718,838.44 ",Y
47192,Non-Healthcare Insurance,Other Enterprise,0,0.924582,42," $6,045,132.60 "," $11,634,354.43 ",Y
47246,Consulting / Other Professional Services,Professional Services,0,0,32, $-   ," $1,549,137.51 ",N
47277,Regional Carrier/ISP,Telecommunications,0,-0.058824,3," $223,407.07 "," $210,265.48 ",Y
47299,Internet Content & Software,Media & Content,0,0,130, $-   , $-   ,0
47476,Consulting / Other Professional Services,Professional Services,0,0,3," $262,831.85 "," $262,831.85 ",Y
47571,Cloud Service Provider,Data Center & Cloud Services,0,0,0, $-   , $-   ,N
47768,Regional Carrier/ISP,Telecommunications,0,0,20," $3,153,982.22 "," $3,153,982.22 ",Y
47824,Finance,Finance,0,0.652381,44," $9,199,114.82 "," $15,200,441.23 ",Y
47956,Retail,Other Enterprise,0,0.526701,40," $6,702,212.23 "," $10,232,276.60 ",Y
48041,Colo/Hosting,Data Center & Cloud Services,0,1.728324,67," $12,090,265.19 "," $32,986,158.32 ",Y
48127,Regional Carrier/ISP,Telecommunications,0,0,2," $170,840.70 "," $170,840.70 ",Y
48130,Colo/Hosting,Data Center & Cloud Services,-0.153846,-0.123624,13," $2,079,546.64 "," $1,327,300.85 ",0
48158,Reseller,Telecommunications,0,0,5," $420,530.96 "," $420,530.96 ",Y
48253,Colo/Hosting,Data Center & Cloud Services,0,0.791126,15," $2,365,486.67 "," $4,236,883.62 ",Y
48593,Internet Content & Software,Media & Content,0,0,26," $454,927.77 "," $18,270,208.19 ",0
48603,Healthcare,Healthcare,0,0.346147,30," $5,256,637.04 "," $7,076,206.18 ",Y
49227,Internet Content & Software,Media & Content,0,0,0, $-   , $-   ,N
49415,Real Estate / Construction,Other Enterprise,0,0.044444,1," $118,274.33 "," $123,530.97 ",Y
49418,Regional Carrier/ISP,Telecommunications,0,0.0125,8," $1,051,327.41 "," $1,064,469.00 ",Y
49461,Manufacturing,Energy & Manufacturing,0,0.746561,26," $3,057,411.23 "," $5,339,956.05 ",N
49529,Media,Media & Content,0,0.780208,33," $3,942,477.78 "," $7,018,429.17 ",Y
49612,Utilities,Energy & Manufacturing,0,0,1," $57,823.01 "," $57,823.01 ",Y
49789,Finance,Finance,0,0.860111,50," $7,096,460.00 "," $13,200,201.47 ",N
49893,Internet Content & Software,Media & Content,0,0,2," $164,269.91 "," $164,269.91 ",Y
50558,Colo/Hosting,Data Center & Cloud Services,0.166667,0,6, $-   , $-   ,0
50714,Manufacturing,Energy & Manufacturing,0,0.674219,416," $44,155,751.14 "," $73,926,402.24 ",N
50883,Manufacturing,Energy & Manufacturing,0,0,11," $2,365,486.67 "," $2,365,486.67 ",Y
50887,Internet Content & Software,Media & Content,0.307692,0.022537,1300," $317,504,819.69 "," $324,660,416.86 ",N
51030,Engineering,Professional Services,0,0,21," $11,065,528.48 "," $11,065,528.48 ",N
51104,Commercial Systems Integrator,Professional Services,0,0,0, $-   ," $106,324.68 ",N
51325,State/Local Government,Government,0,0,35," $5,048,829.04 "," $5,048,829.04 ",Y
51386,Consulting / Other Professional Services,Professional Services,0,-0.04,4," $328,539.82 "," $315,398.22 ",Y
51451,Regional Carrier/ISP,Telecommunications,#N/A,#N/A,#N/A,#N/A,#N/A,#N/A
51654,Media,Media & Content,0,0.196329,55," $9,987,610.38 "," $11,948,464.78 ",Y
51721,Internet Content & Software,Media & Content,0,0.256709,230," $30,225,662.98 "," $37,984,869.27 ",N
51810,Real Estate / Construction,Other Enterprise,0,0,0, $-   ," $1,832,288.89 ",Y
51851,Healthcare,Healthcare,25.333333,0,3," $115,677,206.45 "," $115,677,206.45 ",N
51987,Higher Education,Research & Education,0,0,3000, $-   ," $123,255,015.39 ",N
52017,Regional Carrier/ISP,Telecommunications,0,1.686531,30," $4,993,805.19 "," $13,416,010.08 ",Y
52082,Internet Content & Software,Media & Content,0,0.071429,3," $183,982.30 "," $197,123.89 ",Y
52122,Internet Content & Software,Media & Content,0,0,2," $144,557.52 "," $144,557.52 ",Y
52454,Finance,Finance,0,0,2," $144,557.52 "," $144,557.52 ",Y
52657,Consulting / Other Professional Services,Professional Services,0,0.015873,1," $82,792.03 "," $84,106.19 ",Y
53104,Colo/Hosting,Data Center & Cloud Services,0,0.125,3," $210,265.48 "," $236,548.67 ",Y
53152,Media,Media & Content,0,-0.609094,100," $17,478,318.16 "," $6,832,383.64 ",N
53231,Media,Media & Content,0,0,0, $-   ," $134,580.42 ",N
53372,Consulting / Other Professional Services,Professional Services,0,0.723747,40," $5,913,716.67 "," $10,193,753.34 ",Y
53524,Manufacturing,Energy & Manufacturing,0.003774,0.019043,53000," $75,012,210,560.80 "," $76,440,701,676.42 ",N
53638,Consulting / Other Professional Services,Professional Services,0,0.05,3," $262,831.85 "," $275,973.44 ",Y
53652,Media,Media & Content,0,0,2," $131,415.93 "," $131,415.93 ",Y
53879,Colo/Hosting,Data Center & Cloud Services,0,0,3," $157,699.11 "," $157,699.11 ",Y
53881,Finance,Finance,2.75,7.964042,4," $525,663.70 "," $4,712,071.78 ",Y
54292,Regional Carrier/ISP,Telecommunications,0,0.737861,22," $2,496,902.59 "," $4,339,268.46 ",Y
54306,Regional Carrier/ISP,Telecommunications,0,0,13," $919,911.48 "," $919,911.48 ",Y
54409,Internet Content & Software,Media & Content,0,0,1," $77,535.40 "," $77,535.40 ",Y
54456,Regional Carrier/ISP,Telecommunications,0,0,1," $236,548.67 "," $236,548.67 ",N
54795,Consulting / Other Professional Services,Professional Services,0,0,0, $-   ," $959,760.73 ",N
54814,Consulting / Other Professional Services,Professional Services,0.045455,-0.067055,220," $49,675,220.03 "," $46,344,232.38 ",N
54979,Finance,Finance,0,0.121128,1460," $157,961,943.05 "," $177,095,551.24 ",N
54995,Engineering,Professional Services,0,0.435553,25," $2,891,150.37 "," $4,150,398.80 ",N
54996,Legal,Professional Services,0,0.4883,100," $15,638,495.19 "," $23,274,769.77 ",N
55135,Retail,Other Enterprise,0,0.133333,2," $197,123.89 "," $223,407.07 ",Y
55221,Internet Content & Software,Media & Content,0,0,4," $341,681.41 "," $341,681.41 ",Y
55287,Cable & Satellite,CATV/Satellite,0,1.180365,700," $59,005,750.77 "," $128,654,048.16 ",Y
55355,Internet Content & Software,Media & Content,0,0.284062,29," $4,205,309.63 "," $5,399,877.77 ",Y
55448,Healthcare,Healthcare,-0.25,0,52," $8,909,999.78 "," $8,909,999.78 ",Y
55492,Finance,Finance,0,0,0, $-   ," $2,007,730.46 ",N
55647,Media,Media & Content,0,0,1," $76,221.24 "," $76,221.24 ",Y
55732,Consulting / Other Professional Services,Professional Services,0,0.038462,6," $341,681.41 "," $354,823.00 ",Y
55784,Higher Education,Research & Education,0,0,7000, $-   ," $283,772,249.14 ",N
55794,Internet Content & Software,Media & Content,0,1.494938,100," $11,696,017.41 "," $29,180,843.29 ",Y
55853,K-12 Education,Research & Education,0,0,289," $32,955,333.40 "," $32,955,333.40 ",N
55873,Reseller,Telecommunications,#N/A,#N/A,#N/A,#N/A,#N/A,#N/A
56160,Manufacturing,Energy & Manufacturing,0,0.631083,70," $20,500,884.46 "," $33,438,635.18 ",N
56447,Consulting / Other Professional Services,Professional Services,0.675026,0.25202,1954," $808,598,250.20 "," $1,012,380,984.17 ",N
56449,Cloud Service Provider,Data Center & Cloud Services,0,0,0, $-   ," $110,643.01 ",N
56554,Finance,Finance,0,0,0, $-   , $-   ,N
56565,Pharmaceuticals,Healthcare,0,0.409473,20," $2,891,150.37 "," $4,074,998.91 ",N
56962,Media,Media & Content,0,0.025,25," $5,256,637.04 "," $5,388,052.97 ",Y
57240,Media,Media & Content,0,-0.337129,118," $16,164,158.90 "," $10,714,755.72 ",N
57357,Engineering,Professional Services,0,0.934222,42," $15,112,831.49 "," $29,231,572.46 ",Y
57387,Colo/Hosting,Data Center & Cloud Services,0,0,2," $131,415.93 "," $131,415.93 ",Y
57578,State/Local Government,Government,0,0,0, $-   , $-   ,N
57779,Internet Content & Software,Media & Content,0,0.041096,1," $95,933.63 "," $99,876.10 ",Y
58037,Internet Content & Software,Media & Content,4.142857,7.026171,7," $1,103,893.78 "," $8,860,040.70 ",Y
58220,Healthcare,Healthcare,0,0.023412,127724," $76,116,104,339.20 "," $77,898,104,295.76 ",0
58295,Healthcare,Healthcare,0,0,0, $-   ," $6,805,829.74 ",N
58472,Regional Carrier/ISP,Telecommunications,0,0,0, $-   ," $302,256.63 ",Y
58489,Regional Carrier/ISP,Telecommunications,0,0.013514,10," $972,477.85 "," $985,619.45 ",Y
58601,Regional Carrier/ISP,Telecommunications,0,1.822334,9," $814,778.74 "," $2,299,577.64 ",Y
58928,Consulting / Other Professional Services,Professional Services,0,0.075269,15," $1,222,168.11 "," $1,314,159.26 ",Y
59153,Consulting / Other Professional Services,Professional Services,0,0.374311,32," $4,468,141.48 "," $6,140,618.09 ",Y
59286,Non-Healthcare Insurance,Other Enterprise,0,0.050323,3400," $3,012,027,110.01 "," $3,163,600,232.34 ",N
59289,Consulting / Other Professional Services,Professional Services,0,0.03125,4," $420,530.96 "," $433,672.56 ",Y
59421,Engineering,Professional Services,0,0,0, $-   , $-   ,N
59478,Regional Carrier/ISP,Telecommunications,0,1.531216,300," $30,488,494.83 "," $77,172,973.56 ",Y
59685,Media,Media & Content,0,0,2," $157,699.11 "," $157,699.11 ",Y
59871,Real Estate / Construction,Other Enterprise,0,0,1," $69,650.44 "," $69,650.44 ",Y
59909,Internet Content & Software,Media & Content,0,0,0, $-   , $-   ,N
60029,Regional Carrier/ISP,Telecommunications,0,0,3," $275,973.44 "," $275,973.44 ",Y
60165,Reseller,Telecommunications,0,-0.011628,7," $1,130,176.96 "," $1,117,035.37 ",Y
60224,Finance,Finance,0,0.349852,130," $29,305,751.50 "," $39,558,414.66 ",N
60414,Retail,Other Enterprise,3,4.048571,3," $183,982.30 "," $928,847.76 ",Y
60436,Internet Content & Software,Media & Content,0,0.015625,10," $841,061.93 "," $854,203.52 ",Y
60437,Internet Content & Software,Media & Content,0,0,3," $183,982.30 "," $183,982.30 ",N
60443,Retail,Other Enterprise,0,0,30," $10,963,788.90 "," $10,963,788.90 ",N
60483,Cloud Service Provider,Data Center & Cloud Services,0,0,1," $93,305.31 "," $93,305.31 ",Y
60843,Higher Education,Research & Education,0,0,0, $-   ," $252,792.99 ",N
61023,Media,Media & Content,0.021659,0.231241,6002," $1,348,508,754.74 "," $1,660,339,034.75 ",N
61037,Research,Research & Education,0,0,90, $-   ," $46,526,850.58 ",N
61112,Consulting / Other Professional Services,Professional Services,-0.5,1.702703,40," $4,862,389.26 "," $13,141,592.60 ",N
61129,Internet Content & Software,Media & Content,0,0,5," $407,389.37 "," $407,389.37 ",Y
61470,Media,Media & Content,0,0,0, $-   , $-   ,0
61518,K-12 Education,Research & Education,0.822917,1.620055,96," $10,038,883.61 "," $26,302,428.43 ",N
61621,Internet Content & Software,Media & Content,0,0.95884,10," $1,314,159.26 "," $2,574,227.72 ",Y
61781,Healthcare,Healthcare,0,0.009066,150," $15,769,911.12 "," $15,912,887.71 ",N
61847,Utilities,Energy & Manufacturing,0,1.992813,8300," $1,279,334,039.61 "," $3,828,807,817.78 ",N
61928,Health Insurance,Healthcare,0.046351,0.267316,7659," $14,526,378,721.11 "," $18,409,513,011.41 ",N
61973,Consulting / Other Professional Services,Professional Services,0,1.917286,42," $7,096,460.00 "," $20,702,404.21 ",Y
62577,Federal Government,Government,0,-0.018687,1400," $166,372,562.32 "," $163,263,516.45 ",N
62722,Finance,Finance,0,0,2," $131,415.93 "," $131,415.93 ",Y
62833,Finance,Finance,0,0.983618,4," $446,814.15 "," $886,308.43 ",N
63011,Consulting / Other Professional Services,Professional Services,0,0,2," $144,557.52 "," $144,557.52 ",Y
63093,Retail,Other Enterprise,0,0,1," $74,907.08 "," $74,907.08 ",Y
63162,Colo/Hosting,Data Center & Cloud Services,0,0.090909,1," $144,557.52 "," $157,699.11 ",Y
63250,Healthcare,Healthcare,0,-0.132791,1329," $91,859,732.27 "," $79,661,629.80 ",N
63268,Colo/Hosting,Data Center & Cloud Services,0,-0.071143,1," $159,985.75 "," $157,699.11 ",0
63366,Consulting / Other Professional Services,Professional Services,0,0,3," $302,256.63 "," $302,256.63 ",Y
63436,Internet Content & Software,Media & Content,0,1.134787,11," $933,053.07 "," $1,991,869.88 ",Y
63475,Regional Carrier/ISP,Telecommunications,0,0.028571,10," $919,911.48 "," $946,194.67 ",Y
63503,Consulting / Other Professional Services,Professional Services,0,0,2," $183,982.30 "," $183,982.30 ",Y
63698,Consulting / Other Professional Services,Professional Services,0,0,0, $-   ," $1,343,734.41 ",N
63791,Internet Content & Software,Media & Content,0,0,300," $39,996,437.08 "," $39,424,777.80 ",0
64115,Consulting / Other Professional Services,Professional Services,0,0,0, $-   , $-   ,N
64127,Internet Content & Software,Media & Content,0,0,0, $-   ," $244,595.26 ",N
64135,Engineering,Professional Services,0,0.815765,1310," $166,241,146.39 "," $301,854,832.18 ",N
64275,,,0,0,3," $900,199.09 "," $900,199.09 ",Y
64487,Internet Content & Software,Media & Content,0,1.072904,61," $8,410,619.26 "," $17,434,408.15 ",Y
64515,Consulting / Other Professional Services,Professional Services,0,0,5," $512,522.11 "," $512,522.11 ",Y
64620,Regional Carrier/ISP,Telecommunications,0,0.462671,45," $11,433,185.56 "," $16,722,985.41 ",Y
64882,Regional Carrier/ISP,Telecommunications,0,1.708766,100," $18,529,645.57 "," $50,192,478.37 ",Y
64940,Consulting / Other Professional Services,Professional Services,0,0.649873,30," $4,336,725.56 "," $7,155,046.54 ",Y
65212,Finance,Finance,0,4.206161,509," $76,352,653.01 "," $397,504,200.25 ",N
65300,Colo/Hosting,Data Center & Cloud Services,0,0.031915,2," $123,530.97 "," $127,473.45 ",Y
65332,Finance,Finance,0,0.010753,8," $1,222,168.11 "," $1,235,309.70 ",Y
65383,Finance,Finance,0,0,30," $5,125,221.11 "," $5,125,221.11 ",Y
65738,Media,Media & Content,0,0,5," $617,654.85 "," $617,654.85 ",Y
65817,Internet Content & Software,Media & Content,0,0,0, $-   , $-   ,0
66142,Regional Carrier/ISP,Telecommunications,0,1.7944,41," $5,388,052.97 "," $15,056,372.58 ",Y
66194,State/Local Government,Government,0,0.245863,90," $17,346,902.23 "," $21,611,868.12 ",Y
66281,Consulting / Other Professional Services,Professional Services,0,0.090909,10," $1,445,575.19 "," $1,576,991.11 ",Y
66476,Research,Research & Education,-0.105,0.074266,20000," $24,543,238,339.76 "," $26,365,977,233.38 ",N
66609,Reseller,Telecommunications,0,0.642244,24," $2,759,734.45 "," $4,532,158.12 ",Y
66825,Healthcare,Healthcare,0,-0.299544,100," $10,513,274.08 "," $7,364,081.97 ",Y
67015,Transportation,Other Enterprise,0,-0.654522,25000," $6,359,085,243.21 "," $2,196,925,386.58 ",N
67036,Retail,Other Enterprise,0,1.040694,50," $5,913,716.67 "," $12,068,086.13 ",Y
67078,Healthcare,Healthcare,0,0,9877," $2,476,434,563.53 "," $2,476,434,563.53 ",N
67183,Finance,Finance,0,0.630206,2847," $282,018,577.20 "," $459,748,352.21 ",N
67184,Healthcare,Healthcare,0,0.120554,800," $104,737,369.42 "," $117,363,921.98 ",N
67207,Regional Carrier/ISP,Telecommunications,0,0.042553,6," $617,654.85 "," $643,938.04 ",Y
67210,Finance,Finance,1,0.85,2," $262,831.85 "," $486,238.93 ",Y
67313,Regional Carrier/ISP,Telecommunications,0,0,1, $-   ," $54,559.95 ",N
67373,Retail,Other Enterprise,0,0,226," $69,650,440.78 "," $69,650,440.78 ",N
67438,Colo/Hosting,Data Center & Cloud Services,0,-0.021136,42," $6,570,796.30 "," $6,431,917.26 ",Y
67439,Consulting / Other Professional Services,Professional Services,0,1.672307,12," $2,102,654.82 "," $5,618,938.92 ",Y
67538,Media,Media & Content,0,2.679157,33," $2,628,318.52 "," $9,669,996.48 ",Y
67669,K-12 Education,Research & Education,0,0.922067,130," $12,878,760.75 "," $24,753,838.93 ",N
67683,Consulting / Other Professional Services,Professional Services,0,0,290," $52,566,370.40 "," $52,566,370.40 ",N
67734,Consulting / Other Professional Services,Professional Services,0,0,12," $6,570,796.30 "," $6,570,796.30 ",Y
67745,Legal,Professional Services,0,0.506729,40," $6,045,132.60 "," $9,108,374.75 ",Y
67857,Engineering,Professional Services,0,0,2," $328,539.82 "," $328,539.82 ",Y
68147,Wireless,Telecommunications,0,0,21," $3,416,814.08 "," $3,416,814.08 ",Y
68182,Internet Content & Software,Media & Content,0,0.955755,38," $4,205,309.63 "," $8,224,554.03 ",Y
68186,Telecommunications Equipment Provider,Other Enterprise,0,0.030303,2," $86,734.51 "," $89,362.83 ",Y
68268,Higher Education,Research & Education,0,0,0, $-   , $-   ,N
68439,Real Estate / Construction,Other Enterprise,0,0,5," $407,389.37 "," $407,389.37 ",Y
68499,Internet Content & Software,Media & Content,0,-0.037736,8," $696,504.41 "," $670,221.22 ",Y
68641,Internet Content & Software,Media & Content,0,0,0, $-   ," $272,554.00 ",N
68772,Transportation,Other Enterprise,0,0,0, $-   , $-   ,N
69198,Regional Carrier/ISP,Telecommunications,0,0,0, $-   ," $170,840.70 ",Y
69317,Higher Education,Research & Education,8,13.983519,2," $210,265.48 "," $3,150,516.79 ",N
69427,Regional Carrier/ISP,Telecommunications,0,0.974849,42," $8,542,035.19 "," $16,869,229.00 ",Y
69559,Consulting / Other Professional Services,Professional Services,0,0,0, $-   ," $1,181,257.02 ",Y
69592,Internet Content & Software,Media & Content,0,0.677476,3364," $397,007,512.45 "," $665,970,749.26 ",N
69632,Higher Education,Research & Education,0,0,650, $-   ," $306,195,820.87 ",N
69935,State/Local Government,Government,0,0.333333,2," $197,123.89 "," $262,831.85 ",Y
70105,Healthcare,Healthcare,0,-0.059285,10," $3,789,338.80 "," $3,564,687.22 ",N
70121,Internet Content & Software,Media & Content,-0.5,-0.462687,2," $88,048.67 "," $47,309.73 ",Y
70136,Colo/Hosting,Data Center & Cloud Services,0,0,0, $-   , $-   ,N
70258,Colo/Hosting,Data Center & Cloud Services,0,0,2," $102,504.42 "," $102,504.42 ",Y
70287,Telecommunications Equipment Provider,Other Enterprise,0,0,5," $657,079.63 "," $657,079.63 ",Y
70476,Wireless,Telecommunications,0,-0.447117,316," $440,313,002.54 "," $243,441,432.12 ",Y
70520,VOIP/VSP,Telecommunications,0,0,0, $-   ," $105,621.61 ",N
70578,Consulting / Other Professional Services,Professional Services,0,0.66942,33," $5,782,300.74 "," $9,653,089.82 ",Y
70716,Internet Content & Software,Media & Content,0,-0.222894,25," $2,496,902.59 "," $1,940,357.46 ",N
70936,State/Local Government,Government,0,1.278457,60," $4,862,389.26 "," $11,078,743.67 ",Y
71153,Regional Carrier/ISP,Telecommunications,0,0.019231,12," $683,362.82 "," $696,504.41 ",Y
71212,Healthcare,Healthcare,0.045795,0.845619,2271," $133,124,333.04 "," $245,696,814.58 ",N
71276,Internet Content & Software,Media & Content,0,0,1, $-   , $-   ,Y
71552,,,0,1.720954,23," $2,891,150.37 "," $7,866,686.12 ",Y
71613,Telecommunications Equipment Provider,Other Enterprise,0,0,10," $2,299,778.71 "," $2,299,778.71 ",Y
71679,Regional Carrier/ISP,Telecommunications,0,1.412846,53," $8,936,282.97 "," $21,561,872.25 ",Y
71707,Internet Content & Software,Media & Content,0,0.095238,3," $275,973.44 "," $302,256.63 ",Y
71893,Wireless,Telecommunications,0,1.84467,50," $8,410,619.26 "," $23,925,434.99 ",Y
72027,Utilities,Energy & Manufacturing,0,-0.022867,80," $65,138,366.95 "," $63,648,834.45 ",N
72073,Internet Content & Software,Media & Content,0,-0.018519,8," $709,646.00 "," $696,504.41 ",Y
72086,Regional Carrier/ISP,Telecommunications,0,0.011111,9," $1,182,743.33 "," $1,195,884.93 ",Y
72192,Internet Content & Software,Media & Content,0,0,2," $157,699.11 "," $157,699.11 ",Y
72221,Real Estate / Construction,Other Enterprise,0,0,8," $722,787.59 "," $722,787.59 ",Y
72243,Internet Content & Software,Media & Content,0,0,6," $1,140,690.24 "," $1,140,690.24 ",Y
72333,Retail,Other Enterprise,0,0.616873,10," $1,195,884.93 "," $1,933,593.48 ",Y
72413,Higher Education,Research & Education,0,0,0, $-   , $-   ,N
72451,Internet Content & Software,Media & Content,0,-0.064428,482," $227,918,582.94 "," $213,234,167.37 ",N
72535,Real Estate / Construction,Other Enterprise,0,4.583079,70," $4,599,557.41 "," $25,679,690.41 ",Y
72655,RLEC,Telecommunications,0,0,8," $1,314,159.26 "," $1,314,159.26 ",Y
72680,Regional Carrier/ISP,Telecommunications,0,0,28," $828,246.25 "," $828,246.25 ",Y
72746,Internet Content & Software,Media & Content,0.3,1.327631,50," $7,753,539.63 "," $18,047,381.97 ",N
72954,Consulting / Other Professional Services,Professional Services,#N/A,#N/A,#N/A,#N/A,#N/A,#N/A
72992,Media,Media & Content,0,0,3," $381,106.19 "," $381,106.19 ",Y
73070,RLEC,Telecommunications,0,0.54335,35," $7,096,460.00 "," $7,096,460.00 ",Y
73071,Consulting / Other Professional Services,Professional Services,0,-0.058824,3," $223,407.07 "," $210,265.48 ",Y
73121,Wireless,Telecommunications,0,0,2," $98,561.94 "," $98,561.94 ",N
73195,Retail,Other Enterprise,0,0,3," $236,548.67 "," $236,548.67 ",Y
73334,Internet Content & Software,Media & Content,0,0,0, $-   , $-   ,0
73402,Research,Research & Education,0,0,930, $-   ," $62,750,350.34 ",N
73562,Real Estate / Construction,Other Enterprise,0,0,0, $-   , $-   ,N
73642,State/Local Government,Government,0,0.773513,1400," $173,863,270.10 "," $308,348,723.88 ",N
73933,Retail,Other Enterprise,0,0,0, $-   ," $281,042.16 ",Y
73978,Transportation,Other Enterprise,0.058824,0.034192,28900," $8,435,962,825.33 "," $8,724,406,327.15 ",N
74047,Regional Carrier/ISP,Telecommunications,#N/A,#N/A,#N/A,#N/A,#N/A,#N/A
74148,Regional Carrier/ISP,Telecommunications,0,0,0, $-   , $-   ,N
74155,Colo/Hosting,Data Center & Cloud Services,0,0,15, $-   ," $2,588,318.14 ",Y
74214,Finance,Finance,0,0.507678,1000," $48,361,060.77 "," $72,912,921.31 ",N
74684,Finance,Finance,0,0.370704,15," $2,628,318.52 "," $3,602,645.39 ",Y
74741,Regional Carrier/ISP,Telecommunications,0,3.089966,9," $1,182,743.33 "," $4,837,379.50 ",Y
74742,Healthcare,Healthcare,0,9.870429,380," $4,829,681.15 "," $52,500,704.49 ",N
75108,Consulting / Other Professional Services,Professional Services,0,0,200," $59,729,852.53 "," $59,729,852.53 ",Y
75200,Consulting / Other Professional Services,Professional Services,1.5,3.474305,28," $1,839,822.96 "," $8,231,929.09 ",Y
75210,Internet Content & Software,Media & Content,0,0.018868,1," $69,650.44 "," $70,964.60 ",Y
75274,Consulting / Other Professional Services,Professional Services,0,0,9," $29,756.51 "," $29,756.51 ",N
75328,Telecommunications Equipment Provider,Other Enterprise,0,1.65662,787," $138,380,970.08 "," $367,625,630.39 ",N
75333,Finance,Finance,0,0,18," $3,022,566.30 "," $3,022,566.30 ",Y
75340,Consulting / Other Professional Services,Professional Services,1.5,7.498174,6," $407,389.37 "," $3,462,065.84 ",Y
75362,Media,Media & Content,0,-0.083333,4," $315,398.22 "," $289,115.04 ",Y
75494,Internet Content & Software,Media & Content,0,0,23," $1,162,369.92 "," $1,162,369.92 ",Y
75527,Consulting / Other Professional Services,Professional Services,0,13.759961,15," $2,365,486.67 "," $34,914,491.23 ",Y
75612,Internet Content & Software,Media & Content,0,0,5," $420,530.96 "," $420,530.96 ",Y
75637,Consulting / Other Professional Services,Professional Services,0,0,0, $-   ," $648,475.83 ",N
75695,Internet Content & Software,Media & Content,0,0,1," $70,964.60 "," $70,964.60 ",Y
75854,Manufacturing,Energy & Manufacturing,0,0.100344,98," $22,603,539.27 "," $24,871,665.14 ",N
76014,Real Estate / Construction,Other Enterprise,0,1.873978,60," $10,119,026.30 "," $29,081,863.44 ",Y
76154,Internet Content & Software,Media & Content,0,0.282918,250," $73,592,918.56 "," $94,413,683.84 ",N
76157,Internet Content & Software,Media & Content,0,0.75992,60," $7,359,291.86 "," $12,951,764.92 ",Y
76423,Internet Content & Software,Media & Content,0,0.0625,3," $210,265.48 "," $223,407.07 ",Y
76424,Internet Content & Software,Media & Content,0,0,2," $144,557.52 "," $144,557.52 ",Y
76672,Consulting / Other Professional Services,Professional Services,0,0,7," $630,796.44 "," $630,796.44 ",Y
76694,Regional Carrier/ISP,Telecommunications,0,0,2," $197,123.89 "," $197,123.89 ",Y
76995,Wireless,Telecommunications,0,1.981217,15," $1,301,017.67 "," $3,878,616.21 ",Y
77072,Consulting / Other Professional Services,Professional Services,0,0,0, $-   , $-   ,N
77231,Finance,Finance,0,0,4," $315,398.22 "," $315,398.22 ",Y
77255,Internet Content & Software,Media & Content,0,1.571739,65," $10,250,442.23 "," $26,361,461.78 ",Y
77294,Legal,Professional Services,0,0.240244,279," $42,447,344.10 "," $52,645,043.86 ",N
77380,Media,Media & Content,0,0.046875,5," $841,061.93 "," $880,486.70 ",Y
77467,Internet Content & Software,Media & Content,0,0.417976,25," $2,891,150.37 "," $4,099,581.58 ",Y
77505,Oil & Gas,Energy & Manufacturing,0,2.537367,45," $6,176,548.52 "," $21,848,717.73 ",Y
77574,Real Estate / Construction,Other Enterprise,0,0,1," $157,699.11 "," $157,699.11 ",Y
77591,Real Estate / Construction,Other Enterprise,0,1.900057,199," $15,507,079.27 "," $44,971,416.93 ",N
77720,Consulting / Other Professional Services,Professional Services,0,3.247234,34," $3,942,477.78 "," $16,744,626.99 ",Y
77872,Consulting / Other Professional Services,Professional Services,0,-1,3," $170,840.70 ", $-   ,N
77944,Healthcare,Healthcare,0,1.981054,300," $31,671,238.17 "," $94,413,683.84 ",N
77953,Retail,Other Enterprise,0,0,3," $821,349.54 "," $821,349.54 ",Y
78013,Non-Healthcare Insurance,Other Enterprise,0,0.277968,181," $15,638,495.19 "," $19,985,493.53 ",N
78123,Finance,Finance,0,0,2," $130,101.77 "," $130,101.77 ",Y
78216,Consulting / Other Professional Services,Professional Services,0,0,140," $20,318,601.37 "," $20,318,601.37 ",Y
78270,Commercial Systems Integrator,Professional Services,0,0,0, $-   , $-   ,N
78399,Regional Carrier/ISP,Telecommunications,3.875,7.370102,8," $1,077,610.59 "," $9,019,711.05 ",Y
78483,Utilities,Energy & Manufacturing,0,0.105798,4303," $5,938,685,695.94 "," $6,566,985,238.15 ",N
78609,Consulting / Other Professional Services,Professional Services,-0.011745,-0.197715,596," $133,918,085.23 "," $107,440,404.46 ",N
78610,Cable & Satellite,CATV/Satellite,0,-0.75435,50," $14,455,751.86 "," $3,551,055.44 ",Y
78619,Consulting / Other Professional Services,Professional Services,0,0.63578,53," $8,279,203.34 "," $13,542,957.86 ",Y
78809,Colo/Hosting,Data Center & Cloud Services,0,0,3," $262,831.85 "," $262,831.85 ",Y
78915,Reseller,Telecommunications,0,0.023256,2," $113,017.70 "," $115,646.01 ",Y
78947,Healthcare,Healthcare,0,0.435767,30," $4,205,309.63 "," $6,037,846.90 ",N
78959,Finance,Finance,0,0,3," $1,044,756.61 "," $1,044,756.61 ",Y
79051,Utilities,Energy & Manufacturing,0.216667,0.018461,300," $147,894,530.35 "," $150,624,872.31 ",N
79088,Colo/Hosting,Data Center & Cloud Services,0,0.026316,4," $499,380.52 "," $512,522.11 ",Y
79218,Consulting / Other Professional Services,Professional Services,-0.122862,-0.006774,1286," $476,108,072.46 "," $472,883,125.64 ",N
79266,K-12 Education,Research & Education,0,0,234, $-   , $-   ,N
79312,Colo/Hosting,Data Center & Cloud Services,0,0,0, $-   , $-   ,N
79345,Consulting / Other Professional Services,Professional Services,0,0,0, $-   , $-   ,0
79526,Internet Content & Software,Media & Content,0,0,1," $170,840.70 "," $170,840.70 ",Y
79898,Hospitality,Other Enterprise,0,2.38283,66," $11,170,353.71 "," $37,787,405.01 ",Y
79906,Internet Content & Software,Media & Content,0,4.548962,650," $46,126,990.03 "," $255,956,929.02 ",Y
79932,Internet Content & Software,Media & Content,0,0,8," $762,212.37 "," $762,212.37 ",Y
79948,Media,Media & Content,0,1.309389,65," $7,227,875.93 "," $16,691,973.88 ",N
79953,Reseller,Telecommunications,0,0.057143,3," $466,625.10 "," $486,238.93 ",0
80147,Media,Media & Content,0,-0.157895,3," $249,690.26 "," $210,265.48 ",Y
80327,Consulting / Other Professional Services,Professional Services,0,0,0, $-   , $-   ,0
80463,Manufacturing,Energy & Manufacturing,0,0.578561,17," $3,022,566.30 "," $4,771,304.88 ",N
80492,Internet Content & Software,Media & Content,0,0,0, $-   ," $7,963,100.73 ",Y
80548,Healthcare,Healthcare,0,0,65," $4,073,893.71 "," $4,073,893.71 ",Y
80581,Consulting / Other Professional Services,Professional Services,0.818182,7.500426,22," $1,971,238.89 "," $16,756,370.31 ",Y
80944,Regional Carrier/ISP,Telecommunications,0,0,0, $-   , $-   ,N
81504,Regional Carrier/ISP,Telecommunications,0.2,0,25," $3,285,398.15 "," $3,285,398.15 ",Y
81647,VOIP/VSP,Telecommunications,0,0,1," $69,650.44 "," $69,650.44 ",Y
81677,Internet Content & Software,Media & Content,0,0.043478,3," $302,256.63 "," $315,398.22 ",Y
81711,State/Local Government,Government,0,0,0, $-   , $-   ,N
81736,Wireless,Telecommunications,0,0,2," $131,415.93 "," $131,415.93 ",Y
81943,Healthcare,Healthcare,#N/A,#N/A,#N/A,#N/A,#N/A,#N/A
82117,Internet Content & Software,Media & Content,0,-0.256123,21," $3,153,982.22 "," $2,346,173.78 ",N
82286,Internet Content & Software,Media & Content,0,1.864566,40," $6,965,044.08 "," $19,951,827.40 ",Y
82421,Consulting / Other Professional Services,Professional Services,#N/A,#N/A,#N/A,#N/A,#N/A,#N/A
82668,Finance,Finance,0,0.034483,4," $381,106.19 "," $394,247.78 ",Y
82701,Regional Carrier/ISP,Telecommunications,0,0,8," $959,336.26 "," $959,336.26 ",Y
82827,High Frequency Trading,Finance,0,0,0, $-   , $-   ,N
82891,Cable & Satellite,CATV/Satellite,0,1.878035,11," $1,445,575.19 "," $4,160,416.64 ",Y
82896,Internet Content & Software,Media & Content,0,0,10," $1,287,876.07 "," $1,287,876.07 ",Y
83450,Internet Content & Software,Media & Content,0,0,0, $-   , $-   ,N
83549,Internet Content & Software,Media & Content,2.3,8.035387,30," $3,679,645.93 "," $33,247,024.19 ",Y
83590,Finance,Finance,0,0.647071,50," $3,679,645.93 "," $6,060,639.68 ",Y
83705,Manufacturing,Energy & Manufacturing,0,0.044088,31000," $11,061,541,323.27 "," $11,549,225,824.66 ",N
83740,Internet Content & Software,Media & Content,0,0,0, $-   , $-   ,0
83874,State/Local Government,Government,0,0,390, $-   , $-   ,N
84154,Consulting / Other Professional Services,Professional Services,0,0.495596,54," $12,250,031.48 "," $18,321,092.43 ",N
84188,Consulting / Other Professional Services,Professional Services,0,0.086793,3300," $1,632,930,929.22 "," $1,774,657,748.77 ",N
84333,Consulting / Other Professional Services,Professional Services,0,0,0, $-   ," $640,715.72 ",N
84540,Finance,Finance,0,0.025641,4," $512,522.11 "," $525,663.70 ",Y
84580,Federal Government,Government,0,0,8," $604,513.26 "," $604,513.26 ",Y
84804,Utilities,Energy & Manufacturing,1.162011,0.230762,716," $503,927,509.84 "," $620,214,834.44 ",N
84892,Retail,Other Enterprise,0,-0.49251,240," $26,546,017.05 "," $13,471,831.62 ",N
85019,Consulting / Other Professional Services,Professional Services,0,0,99, $-   , $-   ,N
85231,VOIP/VSP,Telecommunications,0,0,0, $-   ," $157,185.27 ",N
85354,Finance,Finance,0.014778,0.083814,10150," $5,894,565,427.10 "," $6,388,613,087.63 ",N
85505,Internet Content & Software,Media & Content,0,0.014925,8," $880,486.70 "," $893,628.30 ",Y
85518,Cloud Service Provider,Data Center & Cloud Services,0,0.812409,15," $2,234,070.74 "," $4,049,050.84 ",Y
85814,Utilities,Energy & Manufacturing,0,0.093048,2311," $2,457,477,816.20 "," $2,686,141,527.44 ",N
85883,State/Local Government,Government,0,0,620, $-   , $-   ,N
86058,Regional Carrier/ISP,Telecommunications,0,0,2," $131,415.93 "," $131,415.93 ",Y
86168,Retail,Other Enterprise,0,0,0, $-   ," $946,194.67 ",Y
86328,Manufacturing,Energy & Manufacturing,0,0,0, $-   , $-   ,N
86379,Media,Media & Content,0,1.783353,152," $33,379,645.20 "," $92,907,344.55 ",N
86513,Consulting / Other Professional Services,Professional Services,0,0,0, $-   , $-   ,N
86707,Consulting / Other Professional Services,Professional Services,0,-0.021277,6," $617,654.85 "," $604,513.26 ",Y
86777,Higher Education,Research & Education,0,-0.011959,1200, $-   ," $487,814,603.15 ",N
86980,Legal,Professional Services,0,2.183963,350," $22,472,123.35 "," $71,550,419.38 ",N
87219,Media,Media & Content,0,0.053203,2200," $3,325,886,082.64 "," $3,502,833,684.52 ",N
87361,Internet Content & Software,Media & Content,0,0.052632,3," $249,690.26 "," $262,831.85 ",Y
87381,Finance,Finance,0,-0.021795,165," $29,305,751.50 "," $28,667,043.81 ",N
87427,Real Estate / Construction,Other Enterprise,0,8.035386,300," $34,825,220.39 "," $314,659,304.82 ",Y
87495,Finance,Finance,0,0.641304,75," $9,987,610.38 "," $16,392,709.59 ",Y
87535,Higher Education,Research & Education,0,0,0, $-   , $-   ,N
87619,Reseller,Telecommunications,1.195122,-0.567965,82," $12,615,928.90 "," $5,450,521.53 ",N
87634,Colo/Hosting,Data Center & Cloud Services,0,0.181818,2," $144,557.52 "," $170,840.70 ",Y
87724,Consulting / Other Professional Services,Professional Services,0,0,25," $7,737,857.77 "," $7,737,857.77 ",Y
87761,Engineering,Professional Services,0,0.916665,900," $116,040,262.66 "," $222,410,252.86 ",N
87892,K-12 Education,Research & Education,0,0.178384,175," $25,805,573.73 "," $30,408,877.81 ",N
87962,Finance,Finance,0,0,5," $394,247.78 "," $394,247.78 ",Y
88115,Colo/Hosting,Data Center & Cloud Services,0,0,8," $2,628,318.52 "," $2,628,318.52 ",Y
88176,Consulting / Other Professional Services,Professional Services,0,0,8," $1,169,601.74 "," $1,169,601.74 ",Y
88625,Consulting / Other Professional Services,Professional Services,0,0.024268,150," $20,500,884.46 "," $20,998,404.13 ",N
88726,Consulting / Other Professional Services,Professional Services,0,0,15," $2,234,070.74 "," $2,234,070.74 ",Y
89020,Consulting / Other Professional Services,Professional Services,0,-0.391036,50," $8,542,035.19 "," $5,201,790.60 ",Y
89194,Finance,Finance,0,0.025641,10," $1,025,044.22 "," $1,051,327.41 ",Y
89553,Colo/Hosting,Data Center & Cloud Services,0,0,5," $735,929.19 "," $735,929.19 ",Y
89692,Oil & Gas,Energy & Manufacturing,0,0,0, $-   , $-   ,0
89926,Consulting / Other Professional Services,Professional Services,0,0,0, $-   , $-   ,N
90226,Consulting / Other Professional Services,Professional Services,0,-0.029412,3," $446,814.15 "," $433,672.56 ",Y
90227,Internet Content & Software,Media & Content,0,0.888806,110," $27,728,760.39 "," $52,374,236.37 ",N
90229,Reseller,Telecommunications,#N/A,#N/A,#N/A,#N/A,#N/A,#N/A
90274,Regional Carrier/ISP,Telecommunications,0,0,0, $-   ," $711,033.75 ",N
90328,Consulting / Other Professional Services,Professional Services,#N/A,#N/A,#N/A,#N/A,#N/A,#N/A
90401,Cloud Service Provider,Data Center & Cloud Services,0,0,0, $-   , $-   ,N
90410,Engineering,Professional Services,0,0.042572,1," $51,517,036.57 "," $53,710,206.73 ",N
90517,Manufacturing,Energy & Manufacturing,0,0,0, $-   ," $21,026,548,160.00 ",N
90659,,,0,0,18," $1,314,159.26 "," $1,314,159.26 ",Y
90834,Retail,Other Enterprise,0,0,0, $-   ," $60,451.33 ",Y
91174,Consulting / Other Professional Services,Professional Services,3.333333,2.418413,3," $210,265.48 "," $718,774.15 ",N
91196,Finance,Finance,0,0.020619,15," $1,274,734.48 "," $1,301,017.67 ",Y
91397,,,0,12.701054,300," $20,895,132.23 "," $286,285,332.97 ",Y
91480,Consulting / Other Professional Services,Professional Services,0,0,2," $157,699.11 "," $157,699.11 ",Y
91520,State/Local Government,Government,0,0,0, $-   , $-   ,N
91615,Oil & Gas,Energy & Manufacturing,0,0,1," $144,557.52 "," $144,557.52 ",Y
91838,Regional Carrier/ISP,Telecommunications,0,0,8," $1,314,157.95 "," $1,314,157.95 ",Y
91949,PTT,Telecommunications,0,1.373116,40," $2,365,486.67 "," $5,613,573.21 ",N
92157,Healthcare,Healthcare,0,0.012742,4500," $127,736,280.07 "," $129,363,918.88 ",N
92288,Media,Media & Content,#N/A,#N/A,#N/A,#N/A,#N/A,#N/A
92307,Consulting / Other Professional Services,Professional Services,0,0,0, $-   ," $636,329.06 ",N
92371,Internet Content & Software,Media & Content,0,-0.292205,349," $210,437,636.46 "," $148,946,810.53 ",N
92534,Consulting / Other Professional Services,Professional Services,0,0.066667,2," $197,123.89 "," $210,265.48 ",Y
93033,Internet Content & Software,Media & Content,0,0,0, $-   , $-   ,0
93325,Finance,Finance,0,2.062889,450," $48,229,644.84 "," $147,722,056.15 ",N
93392,Reseller,Telecommunications,0,-0.288225,72," $9,593,362.60 "," $6,828,318.95 ",N
93416,Consulting / Other Professional Services,Professional Services,0,-0.44,25," $3,285,398.15 "," $1,839,822.96 ",Y
93566,Manufacturing,Energy & Manufacturing,0,0,68, $-   ," $65,571,553.27 ",Y
93621,Higher Education,Research & Education,0,0,0, $-   , $-   ,N
93699,Colo/Hosting,Data Center & Cloud Services,#N/A,#N/A,#N/A,#N/A,#N/A,#N/A
93724,Internet Content & Software,Media & Content,0,3.176281,15," $1,971,238.89 "," $8,232,448.18 ",Y
93982,Internet Content & Software,Media & Content,0,0.145833,2," $126,159.29 "," $144,557.52 ",Y
93987,Retail,Other Enterprise,0,0,2," $131,415.93 "," $131,415.93 ",Y
94038,Colo/Hosting,Data Center & Cloud Services,0,1.30347,120," $21,815,043.72 "," $50,250,292.18 ",Y
94222,Finance,Finance,0,0,8, $-   ," $949,021.42 ",Y
94230,Utilities,Energy & Manufacturing,0,5.222288,548," $87,917,254.49 "," $547,046,491.82 ",N
94284,RLEC,Telecommunications,0,0.517638,26," $4,730,973.34 "," $7,179,905.17 ",Y
94339,Finance,Finance,0,-0.661868,896," $67,153,538.19 "," $22,706,766.48 ",N
94374,Regional Carrier/ISP,Telecommunications,0,0,3," $1,117,035.37 "," $1,117,035.37 ",Y
94477,Reseller,Telecommunications,0,0,800, $-   , $-   ,0
94504,Reseller,Telecommunications,283,1268.949952,1," $55,194.69 "," $70,094,492.57 ",Y
94524,Legal,Professional Services,0,1.464482,2200," $242,856,631.25 "," $598,515,846.76 ",N
94578,Retail,Other Enterprise,0,0.295509,10," $1,182,743.33 "," $1,532,254.50 ",Y
94579,National Carrier/ISP,Telecommunications,0,0.017857,1," $73,592.92 "," $74,907.08 ",Y
94725,Manufacturing,Energy & Manufacturing,0,-0.010526,1," $124,845.13 "," $123,530.97 ",Y
94931,Finance,Finance,0,0,0, $-   ," $591,440.00 ",N
94966,Commercial Systems Integrator,Professional Services,#N/A,#N/A,#N/A,#N/A,#N/A,#N/A
95006,Colo/Hosting,Data Center & Cloud Services,0,0,0, $-   , $-   ,N
95021,,,0,0,22," $1,576,991.11 "," $1,576,991.11 ",Y
95125,Internet Content & Software,Media & Content,0,0,12," $1,314,159.26 "," $1,314,159.26 ",Y
95381,Regional Carrier/ISP,Telecommunications,0,0,0, $-   ," $499,380.52 ",N
95697,Consulting / Other Professional Services,Professional Services,0,0.02,1," $65,707.96 "," $67,022.12 ",Y
95804,Non-Healthcare Insurance,Other Enterprise,0,0,2," $197,123.89 "," $197,123.89 ",Y
96051,Finance,Finance,0,0.263158,5," $499,380.52 "," $630,796.44 ",Y
96059,Finance,Finance,0,0,12," $1,090,752.19 "," $1,090,752.19 ",Y
96145,Regional Carrier/ISP,Telecommunications,0,0,0, $-   ," $144,557.52 ",Y
96238,Cloud Service Provider,Data Center & Cloud Services,0,0.016949,1," $77,535.40 "," $78,849.56 ",Y
96303,Consulting / Other Professional Services,Professional Services,0,0.466211,35," $7,884,955.56 "," $11,561,005.95 ",Y
96382,Regional Carrier/ISP,Telecommunications,0,0,0, $-   , $-   ,N
96423,Finance,Finance,0,1.6,46," $2,628,318.52 "," $6,833,628.15 ",Y
96775,Reseller,Telecommunications,0,0.839682,20," $2,365,486.67 "," $4,351,743.77 ",Y
96793,Internet Content & Software,Media & Content,0,0.81042,24," $2,365,486.67 "," $4,282,524.37 ",Y
96814,Consulting / Other Professional Services,Professional Services,0,1.105351,25," $1,576,991.11 "," $3,320,119.55 ",N
96815,Manufacturing,Energy & Manufacturing,0,0.1,356," $59,722,009.62 "," $65,694,210.32 ",N
96824,Media,Media & Content,0,0,0, $-   , $-   ,0
97187,Internet Content & Software,Media & Content,0,0.090909,1," $144,557.52 "," $157,699.11 ",Y
97417,Internet Content & Software,Media & Content,0,0,0, $-   ," $442,443.25 ",N
97446,Consulting / Other Professional Services,Professional Services,0,0.041667,5," $315,398.22 "," $328,539.82 ",Y
97652,Consulting / Other Professional Services,Professional Services,0,0,0, $-   , $-   ,N
97656,Regional Carrier/ISP,Telecommunications,0,2.721105,12," $1,222,168.11 "," $4,547,816.33 ",Y
97805,Colo/Hosting,Data Center & Cloud Services,-0.5,-0.310345,2," $114,331.86 "," $78,849.56 ",Y
97906,Colo/Hosting,Data Center & Cloud Services,0,2.184443,41," $6,570,796.30 "," $20,924,324.97 ",Y
98082,Healthcare,Healthcare,0,0,3," $36,796.46 "," $36,796.46 ",Y
98124,Reseller,Telecommunications,0,0.078947,7," $499,380.52 "," $538,805.30 ",Y
98127,Telecommunications Equipment Provider,Other Enterprise,0,0.733241,28," $3,153,982.22 "," $5,466,610.78 ",Y
98636,Internet Content & Software,Media & Content,0,0.634733,25," $3,285,398.15 "," $5,370,749.43 ",Y
98726,,,0,0,2," $131,415.93 "," $131,415.93 ",Y
98982,Media,Media & Content,0,-0.51106,105," $12,221,681.12 "," $5,975,664.82 ",Y
99094,RLEC,Telecommunications,0,0,0, $-   , $-   ,N
99236,Manufacturing,Energy & Manufacturing,0,-0.420064,200," $40,476,105.21 "," $23,473,560.01 ",N
99242,Internet Content & Software,Media & Content,0,0,1," $144,557.52 "," $144,557.52 ",Y
99267,Manufacturing,Energy & Manufacturing,1.5,16.535209,20," $6,439,380.37 "," $112,915,877.93 ",Y
99350,Internet Content & Software,Media & Content,0,3.404453,300," $23,523,450.75 "," $103,607,921.81 ",N
99460,Regional Carrier/ISP,Telecommunications,0,0,0, $-   , $-   ,N
99678,Finance,Finance,0,1.07315,80," $18,135,397.79 "," $37,597,406.49 ",Y
99715,Finance,Finance,0,0.80684,50," $4,468,141.48 "," $8,073,218.07 ",N
99992,Pharmaceuticals,Healthcare,0,-0.112903,5," $814,778.74 "," $722,787.59 ",Y
